Channel,1,2,3,4,5,6,7,8,9,10,11,12,13,14,15,16,17,18,19,20,21,22,23,24,25,26,27,28,29,30,31,32
neuron code,1: MUA,"2: SU, small",3: SU large,0: LFP,-1: bad contact,-2: broken,,,,,,,,,,,,,,,,,,,,,,,,,,
,,,,,,,,,,,,,,,,,,,,,,,,,,,,,,,,
,,,,,,,,,,,,,,,,,,,,,,,,,,,,,,,,
,,,,,,,,,,,,,,,,,,,,,,,,,,,,,,,,
,,,,,,,,,,,,,,,,,,,,,,,,,,,,,,,,
3/23/2017,,Adjust GM32,,,,,,,,,,,,,,,,,,,,,,,,,,,,,,
Rotations,0.00,2.00,0.00,2.00,6.00,0.00,0.00,8.00,0.00,0.00,6.00,1.00,0.00,2.00,1.00,4.00,3.50,3.00,3.00,0.00,0.00,6.00,0.00,0.00,2.00,4.00,0.00,3.75,0.00,0.00,0.00,7.00
Turns before,80.75,92.75,80.25,78.75,92.00,73.00,73.00,85.00,63.00,97.00,72.00,73.25,13.00,100.25,85.50,84.00,78.00,78.75,91.50,82.00,85.25,82.00,32.00,41.00,86.75,70.50,76.00,76.00,44.00,16.00,56.00,77.00
Total Turn,80.75,94.75,80.25,80.75,98.00,73.00,73.00,93.00,63.00,97.00,78.00,74.25,13.00,102.25,86.50,88.00,81.50,81.75,94.50,82.00,85.25,88.00,32.00,41.00,88.75,74.50,76.00,79.75,44.00,16.00,56.00,84.00
Totel Depth,10.094,11.844,10.031,10.094,12.250,9.125,9.125,11.625,7.875,12.125,9.750,9.281,1.625,12.781,10.813,11.000,10.188,10.219,11.813,10.250,10.656,11.000,4.000,5.125,11.094,9.313,9.500,9.969,5.500,2.000,7.000,10.500
Neural Depth,3.344,4.594,2.531,2.719,4.875,2.500,2.125,4.000,0.250,4.500,3.625,2.531,#VALUE!,4.531,3.063,3.375,2.188,2.719,2.813,2.875,2.781,3.000,#VALUE!,#VALUE!,3.719,1.688,#VALUE!,3.844,#VALUE!,#VALUE!,#VALUE!,#VALUE!
Depth to cortex,6.750,7.250,7.500,7.375,7.375,6.625,7.000,7.625,7.625,7.625,6.125,6.750,na,8.250,7.750,7.625,8.000,7.500,9.000,7.375,7.875,8.000,na,na,7.375,7.625,na,6.125,na,na,na,na
Ini depth to cortex,4.625,5.000,5.125,5.875,5.875,4.625,na,5.625,6.125,na,4.125,5.500,na,5.875,6.000,6.000,4.750,5.125,6.500,5.875,6.125,5.125,na,na,5.625,5.875,na,5.125,na,na,na,na
range,80,55,75,60,80,90,90,40,15,15,90,70,160,80,70,40,50,30,80,90,100,160,40,110,140,30,220,80,25,180,180,60
spikes,0,1,0,0,0,0,0,1,-2,-2,1,0,-2,1,0,0,2,0,0,0,0,0,-2,-2,0,0,-1,1,-2,-1,-1,1
Note, ,,, ,,, ,"heart beat,impedence increase, then decrease, but still heart beat, maybe broken", ,,,, ,,,,break through barrier: heart beat and increased impedance before breaking through, ,,, , , , , ,, , , , , , 
contact problem,2,,3,3,2,3,3,3, ,2,3,2,, ,3,1,3,3,3,3,,3,,,3,2,,3,,,,1
sort1,,,,,,,,1,,,,,,,,,1,,,,,,,,,,,1,,,,1
sort2,,,,,,,,,,,,,,,,,,,,,,,,,,,,,,,,
sort3,,,,,,,,,,,,,,,,,,,,,,,,,,,,,,,,
,,,,,,,,,,,,,,,,,,,,,,,,,,,,,,,,
,,,,,,,,,,,,,,,,,,,,,,,,,,,,,,,,
3/15/2017,,Adjust GM32,,,,,,,,,,,,,,,,,,,,,,,,,,,,,,
Rotations,1.00,1.00,0.00,0.00,13.75,0.00,0.00,4.00,0.00,0.00,0.00,2.00,0.00,4.00,0.00,2.00,0.00,0.00,3.00,0.00,0.00,0.00,0.00,0.00,2.00,1.50,0.00,0.00,0.00,0.00,0.00,0.00
Turns before,79.75,91.75,80.25,78.75,78.25,73.00,73.00,81.00,63.00,97.00,72.00,71.25,13.00,96.25,85.50,82.00,78.00,78.75,88.50,82.00,85.25,82.00,32.00,41.00,84.75,69.00,76.00,76.00,44.00,16.00,56.00,77.00
Total Turn,80.75,92.75,80.25,78.75,92.00,73.00,73.00,85.00,63.00,97.00,72.00,73.25,13.00,100.25,85.50,84.00,78.00,78.75,91.50,82.00,85.25,82.00,32.00,41.00,86.75,70.50,76.00,76.00,44.00,16.00,56.00,77.00
Totel Depth,10.094,11.594,10.031,9.844,11.500,9.125,9.125,10.625,7.875,12.125,9.000,9.156,1.625,12.531,10.688,10.500,9.750,9.844,11.438,10.250,10.656,10.250,4.000,5.125,10.844,8.813,9.500,9.500,5.500,2.000,7.000,9.625
Neural Depth,3.344,4.344,2.531,2.469,4.125,2.500,2.125,3.000,0.250,4.500,2.875,2.406,#VALUE!,4.281,2.938,2.875,1.750,2.344,2.438,2.875,2.781,2.250,#VALUE!,#VALUE!,3.469,1.188,#VALUE!,3.375,#VALUE!,#VALUE!,#VALUE!,#VALUE!
Depth to cortex,6.750,7.250,7.500,7.375,7.375,6.625,7.000,7.625,7.625,7.625,6.125,6.750,na,8.250,7.750,7.625,8.000,7.500,9.000,7.375,7.875,8.000,na,na,7.375,7.625,na,6.125,na,na,na,na
Ini depth to cortex,4.625,5.000,5.125,5.875,5.875,4.625,na,5.625,6.125,na,4.125,5.500,na,5.875,6.000,6.000,4.750,5.125,6.500,5.875,6.125,5.125,na,na,5.625,5.875,na,5.125,na,na,na,na
range,80,55,75,60,80,90,90,40,15,15,90,70,160,80,130,40,180,80,100,90,100,160,40,110,140,25,220,80,25,180,180,60
spikes,0,1,0,0,0,0,0,1,-2,-2,0,0,-2,1,0,0,0,0,0,0,0,0,-2,-2,0,0,-1,0,-2,-1,-1,0
Note, ,,, ,"breakes into a barrier, impedence first increases and drops, see heart beat before drops",, ,, ,,,, ,,,, , ,,, , , , , ,, , , , , , 
contact problem,2,,3,3,2,3,3,3, ,2,3,2,, ,3,1,3,3,3,3,,3,,,3,2,,3,,,,1
sort1,,1,,,,,,,,,,,,1,,,,,,,,,,,,,,,,,,
sort2,,,,,,,,,,,,,,,,,,,,,,,,,,,,,,,,
sort3,,,,,,,,,,,,,,,,,,,,,,,,,,,,,,,,
,,,,,,,,,,,,,,,,,,,,,,,,,,,,,,,,
,,,,,,,,,,,,,,,,,,,,,,,,,,,,,,,,
,,,,,,,,,,,,,,,,,,,,,,,,,,,,,,,,
3/7/2017,,"Adjust GM32, poor results",,,,,,,,,,,,,,,,,,,,,,,,,,,,,,
Rotations,0.00,9.00,0.00,0.00,0.00,1.00,0.00,1.00,0.00,10.00,2.00,0.00,0.00,8.00,0.00,2.00,0.00,0.00,0.00,0.00,2.00,0.00,0.00,0.00,2.00,1.00,0.00,5.00,0.00,0.00,0.00,2.00
Turns before,79.75,82.75,80.25,78.75,78.25,72.00,73.00,80.00,63.00,87.00,70.00,71.25,13.00,88.25,85.50,80.00,78.00,78.75,88.50,82.00,83.25,82.00,32.00,41.00,82.75,68.00,76.00,71.00,44.00,16.00,56.00,75.00
Total Turn,79.75,91.75,80.25,78.75,78.25,73.00,73.00,81.00,63.00,97.00,72.00,71.25,13.00,96.25,85.50,82.00,78.00,78.75,88.50,82.00,85.25,82.00,32.00,41.00,84.75,69.00,76.00,76.00,44.00,16.00,56.00,77.00
Totel Depth,9.969,11.469,10.031,9.844,9.781,9.125,9.125,10.125,7.875,12.125,9.000,8.906,1.625,12.031,10.688,10.250,9.750,9.844,11.063,10.250,10.656,10.250,4.000,5.125,10.594,8.625,9.500,9.500,5.500,2.000,7.000,9.625
Neural Depth,3.219,4.219,2.531,2.469,2.406,2.500,2.125,2.500,0.250,4.500,2.875,2.156,#VALUE!,3.781,2.938,2.625,1.750,2.344,2.063,2.875,2.781,2.250,#VALUE!,#VALUE!,3.219,1.000,#VALUE!,3.375,#VALUE!,#VALUE!,#VALUE!,#VALUE!
Depth to cortex,6.750,7.250,7.500,7.375,7.375,6.625,7.000,7.625,7.625,7.625,6.125,6.750,na,8.250,7.750,7.625,8.000,7.500,9.000,7.375,7.875,8.000,na,na,7.375,7.625,na,6.125,na,na,na,na
Ini depth to cortex,4.625,5.000,5.125,5.875,5.875,4.625,na,5.625,6.125,na,4.125,5.500,na,5.875,6.000,6.000,4.750,5.125,6.500,5.875,6.125,5.125,na,na,5.625,5.875,na,5.125,na,na,na,na
range,50,55,75,60,60,90,90,40,15,15,90,90,160,110,130,50,180,80,100,90,100,160,40,110,40,25,220,80,25,180,180,60
spikes,0,1,0,0,0,0,0,1,-2,-2,0,0,-2,0,0,0,0,0,0,0,0,0,-2,-2,0,0,-1,0,-2,-1,-1,0
Note, ,"breaks a barrier, impedence increases and drops",, ,,, ,"breaks a barrier, impedence drops", ,"fails to break barrier, broken: impedence increases and drops to 15",,, ,impedence increases,,, , ,,, , , , , ,, , , , , , 
contact problem,2,,3,3,2,3,3,3, ,2,3,2,, ,3,1,3,3,3,3,,3,,,2,2,,3,,,,1
sort1,,1,,,,,,,,,,,,,,,,,,,,,,,,,,,,,,
sort2,,,,,,,,,,,,,,,,,,,,,,,,,,,,,,,,
sort3,,,,,,,,,,,,,,,,,,,,,,,,,,,,,,,,
,,,,,,,,,,,,,,,,,,,,,,,,,,,,,,,,
,,,,,,,,,,,,,,,,,,,,,,,,,,,,,,,,
,,,,,,,,,,,,,,,,,,,,,,,,,,,,,,,,
3/2/2017,,"Adjust GM32, no cells, select C2 and C10 to adcance for about 0.5mm to seek cells, but failed, will keep doing it",,,,,,,,,,,,,,,,,,,,,,,,,,,,,,
Rotations,1.00,6.00,1.00,1.00,1.00,0.00,0.00,0.00,0.00,6.50,7.00,0.25,0.00,3.00,0.50,1.00,0.00,0.00,0.00,0.00,1.00,0.00,0.00,0.00,0.50,0.00,0.00,5.00,0.00,0.00,0.00,3.00
Turns before,78.75,76.75,79.25,77.75,77.25,72.00,73.00,80.00,63.00,80.50,63.00,71.00,13.00,85.25,85.00,79.00,78.00,78.75,88.50,82.00,82.25,82.00,32.00,41.00,82.25,68.00,76.00,66.00,44.00,16.00,56.00,72.00
Total Turn,79.75,82.75,80.25,78.75,78.25,72.00,73.00,80.00,63.00,87.00,70.00,71.25,13.00,88.25,85.50,80.00,78.00,78.75,88.50,82.00,83.25,82.00,32.00,41.00,82.75,68.00,76.00,71.00,44.00,16.00,56.00,75.00
Totel Depth,9.969,10.344,10.031,9.844,9.781,9.000,9.125,10.000,7.875,10.875,8.750,8.906,1.625,11.031,10.688,10.000,9.750,9.844,11.063,10.250,10.406,10.250,4.000,5.125,10.344,8.500,9.500,8.875,5.500,2.000,7.000,9.375
Neural Depth,3.219,3.094,2.531,2.469,2.406,2.375,2.125,2.375,0.250,3.250,2.625,2.156,#VALUE!,2.781,2.938,2.375,1.750,2.344,2.063,2.875,2.531,2.250,#VALUE!,#VALUE!,2.969,0.875,#VALUE!,2.750,#VALUE!,#VALUE!,#VALUE!,#VALUE!
Depth to cortex,6.750,7.250,7.500,7.375,7.375,6.625,7.000,7.625,7.625,7.625,6.125,6.750,na,8.250,7.750,7.625,8.000,7.500,9.000,7.375,7.875,8.000,na,na,7.375,7.625,na,6.125,na,na,na,na
Ini depth to cortex,4.625,5.000,5.125,5.875,5.875,4.625,na,5.625,6.125,na,4.125,5.500,na,5.875,6.000,6.000,4.750,5.125,6.500,5.875,6.125,5.125,na,na,5.625,5.875,na,5.125,na,na,na,na
range,50,50,75,50,40,80,90,80,15,70,90,90,160,65,130,50,180,80,100,90,50,160,40,110,30,25,220,80,25,180,180,60
spikes,0,0,0,0,0,0,0,0,-2,0,0,0,-2,0,0,0,0,0,0,0,0,0,-2,-2,1,0,-1,0,-2,-1,-1,0
Note, ,,, ,,, , , , ,,, ,,,, , ,,, , , , , ,, , , , , , 
contact problem,2,,3,3,2,3,3,3, ,2,3,2,, ,3,1,3,3,3,3,,3,,,2,2,,3,,,,1
sort1,,,,,,,,,,,,,,,,,,,,,,,,,,,,,,,,
sort2,,,,,,,,,,,,,,,,,,,,,,,,,,,,,,,,
sort3,,,,,,,,,,,,,,,,,,,,,,,,,,,,,,,,
,,,,,,,,,,,,,,,,,,,,,,,,,,,,,,,,
,,,,,,,,,,,,,,,,,,,,,,,,,,,,,,,,
2/28/2017,,"Adjust GM32, no signals but for chan 25",,,,,,,,,,,,,,,,,,,,,,,,,,,,,,
Rotations,0.75,0.75,1.75,1.00,0.75,0.00,0.00,0.00,0.00,1.00,2.00,1.50,0.00,4.25,5.50,2.50,0.00,0.00,0.00,0.00,2.00,1.00,0.00,0.00,1.75,1.75,0.00,1.75,0.00,0.00,0.00,2.00
Turns before,78.00,76.00,77.50,76.75,76.50,72.00,73.00,80.00,63.00,79.50,61.00,69.50,13.00,81.00,79.50,76.50,78.00,78.75,88.50,82.00,80.25,81.00,32.00,41.00,80.50,66.25,76.00,64.25,44.00,16.00,56.00,70.00
Total Turn,78.75,76.75,79.25,77.75,77.25,72.00,73.00,80.00,63.00,80.50,63.00,71.00,13.00,85.25,85.00,79.00,78.00,78.75,88.50,82.00,82.25,82.00,32.00,41.00,82.25,68.00,76.00,66.00,44.00,16.00,56.00,72.00
Totel Depth,9.844,9.594,9.906,9.719,9.656,9.000,9.125,10.000,7.875,10.063,7.875,8.875,1.625,10.656,10.625,9.875,9.750,9.844,11.063,10.250,10.281,10.250,4.000,5.125,10.281,8.500,9.500,8.250,5.500,2.000,7.000,9.000
Neural Depth,3.094,2.344,2.406,2.344,2.281,2.375,2.125,2.375,0.250,2.438,1.750,2.125,#VALUE!,2.406,2.875,2.250,1.750,2.344,2.063,2.875,2.406,2.250,#VALUE!,#VALUE!,2.906,0.875,#VALUE!,2.125,#VALUE!,#VALUE!,#VALUE!,#VALUE!
Depth to cortex,6.750,7.250,7.500,7.375,7.375,6.625,7.000,7.625,7.625,7.625,6.125,6.750,na,8.250,7.750,7.625,8.000,7.500,9.000,7.375,7.875,8.000,na,na,7.375,7.625,na,6.125,na,na,na,na
Ini depth to cortex,4.625,5.000,5.125,5.875,5.875,4.625,na,5.625,6.125,na,4.125,5.500,na,5.875,6.000,6.000,4.750,5.125,6.500,5.875,6.125,5.125,na,na,5.625,5.875,na,5.125,na,na,na,na
range,50,50,75,50,40,80,90,80,15,50,90,50,160,40,130,50,180,80,100,90,50,160,40,110,30,25,220,70,25,180,180,40
spikes,0,0,0,0,0,0,0,0,-2,0,0,0,-2,0,0,0,0,0,0,0,0,0,-2,-2,1,0,-1,0,-2,-1,-1,0
Note, ,,, ,,"maybe cells nearby, but bad contact", , , , ,,, ,breaks a memberane-lle barrer,,, , ,,, , , , , ,, , , , , , 
contact problem,2,, ,2,2,3,3,3, ,1,3,2,, ,3,1,3,3,3,3,,3,,,2,2,,3,,,,1
sort1,,,,,,,,,,,,,,,,,,,,,,,,,1,,,,,,,
sort2,,,,,,,,,,,,,,,,,,,,,,,,,,,,,,,,
sort3,,,,,,,,,,,,,,,,,,,,,,,,,,,,,,,,
,,,,,,,,,,,,,,,,,,,,,,,,,,,,,,,,
,,,,,,,,,,,,,,,,,,,,,,,,,,,,,,,,
,,,,,,,,,,,,,,,,,,,,,,,,,,,,,,,,
2/23/2017,,Adjust GM32,,,,,,,,,,,,,,,,,,,,,,,,,,,,,,
Rotations,1.00,1.00,0.00,0.50,0.50,3.00,0.00,2.00,0.00,0.50,0.25,0.25,0.00,0.00,0.50,0.25,0.00,2.00,0.75,3.00,0.00,3.00,0.00,0.00,3.00,0.00,0.00,0.50,0.00,0.00,0.00,0.25
Turns before,77.00,75.00,77.50,76.25,76.00,69.00,73.00,78.00,63.00,79.00,60.75,69.25,13.00,81.00,79.00,76.25,78.00,76.75,87.75,79.00,80.25,78.00,32.00,41.00,77.50,66.25,76.00,63.75,44.00,16.00,56.00,69.75
Total Turn,78.00,76.00,77.50,76.75,76.50,72.00,73.00,80.00,63.00,79.50,61.00,69.50,13.00,81.00,79.50,76.50,78.00,78.75,88.50,82.00,80.25,81.00,32.00,41.00,80.50,66.25,76.00,64.25,44.00,16.00,56.00,70.00
Totel Depth,9.750,9.500,9.688,9.594,9.563,9.000,9.125,10.000,7.875,9.938,7.625,8.688,1.625,10.125,9.938,9.563,9.750,9.844,11.063,10.250,10.031,10.125,4.000,5.125,10.063,8.281,9.500,8.031,5.500,2.000,7.000,8.750
Neural Depth,3.000,2.250,2.188,2.219,2.188,2.375,2.125,2.375,0.250,2.313,1.500,1.938,#VALUE!,1.875,2.188,1.938,1.750,2.344,2.063,2.875,2.156,2.125,#VALUE!,#VALUE!,2.688,0.656,#VALUE!,1.906,#VALUE!,#VALUE!,#VALUE!,#VALUE!
Depth to cortex,6.750,7.250,7.500,7.375,7.375,6.625,7.000,7.625,7.625,7.625,6.125,6.750,na,8.250,7.750,7.625,8.000,7.500,9.000,7.375,7.875,8.000,na,na,7.375,7.625,na,6.125,na,na,na,na
Ini depth to cortex,4.625,5.000,5.125,5.875,5.875,4.625,na,5.625,6.125,na,4.125,5.500,na,5.875,6.000,6.000,4.750,5.125,6.500,5.875,6.125,5.125,na,na,5.625,5.875,na,5.125,na,na,na,na
range,50,50,50,50,40,80,90,80,15,50,40,50,160,40,60,40,180,80,50,90,50,160,40,110,120,25,220,50,25,180,180,40
spikes,0,0,1,1,1,0,0,0,-2,1,2,1,-2,0,1,2,0,0,1,0,2,0,-2,-2,0,0,-1,1,-2,-1,-1,1
Note, ,,, ,,"maybe cells nearby, but bad contact", , , , ,,, , ,,, , ,deep neuron?,large cell and large neuron, , , , , ,white matter, , , , , , 
contact problem,2,, ,2,2,3,3,3, ,1,,2,, , ,,3,3,1,3,,3,,,3,2,,3,,,,1
sort1,1,,1,1,1,,,,,1,1,,,,1,1,,,1,,,,,,,,,1,,,,1
sort2,,,,,,,,,,,,,,,,,,,,,2,,,,,,,,,,,2
sort3,,,,,,,,,,,,,,,,,,,,,,,,,,,,,,,,
,,,,,,,,,,,,,,,,,,,,,,,,,,,,,,,,
,,,,,,,,,,,,,,,,,,,,,,,,,,,,,,,,
,,,,,,,,,,,,,,,,,,,,,,,,,,,,,,,,
,,,,,,,,,,,,,,,,,,,,,,,,,,,,,,,,
2/21/2017,,"GM32 OK, U16 maybe very lateral, at the juction between upper and lower sectiion of IT",,,,,,,,,,,,,,,,,,,,,,,,,,,,,,
Rotations,0.00,1.00,0.00,0.00,0.00,0.00,0.00,0.00,0.00,0.00,0.00,0.00,0.00,0.00,0.25,0.00,0.00,0.00,0.00,0.00,0.00,0.00,0.00,0.00,0.00,0.00,0.00,0.00,0.00,0.00,0.00,0.00
Turns before,77.00,74.00,77.50,76.25,76.00,69.00,73.00,78.00,63.00,79.00,60.75,69.25,13.00,81.00,78.75,76.25,78.00,76.75,87.75,79.00,80.25,78.00,32.00,41.00,77.50,66.25,76.00,63.75,44.00,16.00,56.00,69.75
Total Turn,77.00,75.00,77.50,76.25,76.00,69.00,73.00,78.00,63.00,79.00,60.75,69.25,13.00,81.00,79.00,76.25,78.00,76.75,87.75,79.00,80.25,78.00,32.00,41.00,77.50,66.25,76.00,63.75,44.00,16.00,56.00,69.75
Totel Depth,9.625,9.375,9.688,9.531,9.500,8.625,9.125,9.750,7.875,9.875,7.594,8.656,1.625,10.125,9.875,9.531,9.750,9.594,10.969,9.875,10.031,9.750,4.000,5.125,9.688,8.281,9.500,7.969,5.500,2.000,7.000,8.719
Neural Depth,2.875,2.125,2.188,2.156,2.125,2.000,2.125,2.125,0.250,2.250,1.469,1.906,#VALUE!,1.875,2.125,1.906,1.750,2.094,1.969,2.500,2.156,1.750,#VALUE!,#VALUE!,2.313,0.656,#VALUE!,1.844,#VALUE!,#VALUE!,#VALUE!,#VALUE!
Depth to cortex,6.750,7.250,7.500,7.375,7.375,6.625,7.000,7.625,7.625,7.625,6.125,6.750,na,8.250,7.750,7.625,8.000,7.500,9.000,7.375,7.875,8.000,na,na,7.375,7.625,na,6.125,na,na,na,na
Ini depth to cortex,4.625,5.000,5.125,5.875,5.875,4.625,na,5.625,6.125,na,4.125,5.500,na,5.875,6.000,6.000,4.750,5.125,6.500,5.875,6.125,5.125,na,na,5.625,5.875,na,5.125,na,na,na,na
range,50,50,50,50,40,80,90,80,15,50,40,50,160,40,60,40,180,90,50,90,50,160,40,110,120,25,220,50,25,180,180,40
spikes,0,1,1,1,1,0,0,0,-2,1,2,2,-2,0,1,2,0,0,2,0,2,0,-2,-2,0,0,-1,1,-2,-1,-1,2
Note, ,"wm, not stable",, ,, , , , , ,,, , ,,, , ,deep neuron?,, , , , , ,white matter, , , , , , 
contact problem,2,, ,2,2,3,3,3, ,1,,2,, , ,,3,3,1,3,,3,,,3,2,,3,,,,1
sort1,,1,,1,1,,,,,1,,1,,,,1,,,,,1,,,,,,,1,,,,
sort2,,,2,,,,,,,,2,,,,,,,,2,,,,,,,,,,,,,2
sort3,,,,,,,,,,,,,,,,,,,,,,,,,,,,,,,,
U16,33,34,35,36,37,38,39,40,41,42,43,44,45,46,47,48,,,,,,,,,,,,,,,,
spikes,0,0,0,0,2,2,3,3,2,2,1,0,0,0,0,0,,,,,,,,,,,,,,,,
note,"the probe is likely in the juction between upper and  lower section of IT, lateral, close to skull",,,,,,,,,,,,,,,,,,,,,,,,,,,,,,,
sort1,,,,1,,,1,1,1,,1,,,,,,,,,,,,,,,,,,,,,
sort2,,,,,2,2,,2,2,2,,,,,,,,,,,,,,,,,,,,,,
sort3,,,,,,,3,,,,,,,,,,,,,,,,,,,,,,,,,
type,0,0,0,1,2,2,3,2,2,2,1,0,0,0,0,0,,,,,,,,,,,,,,,,
,,,,,,,,,,,,,,,,,,,,,,,,,,,,,,,,
,,,,,,,,,,,,,,,,,,,,,,,,,,,,,,,,
,,,,,,,,,,,,,,,,,,,,,,,,,,,,,,,,
2/20/2017,,"GM32 OK, C19 very deep, get cells again!",,,,,,,,,,,,,,,,,,,,,,,,,,,,,,
Rotations,0.75,1.00,0.00,0.25,0.75,1.00,0.00,1.00,0.00,0.50,0.00,0.00,0.00,2.00,0.50,0.25,0.00,0.00,2.00,1.00,0.50,0.00,0.00,0.00,1.00,0.00,0.00,0.75,0.00,0.00,0.00,0.50
Turns before,77.00,74.00,77.50,76.25,76.00,69.00,73.00,78.00,63.00,78.50,60.75,69.25,13.00,79.00,78.25,76.00,78.00,76.75,85.75,78.00,79.75,78.00,32.00,41.00,76.50,66.25,76.00,63.00,44.00,16.00,56.00,69.25
Total Turn,77.75,75.00,77.50,76.50,76.75,70.00,73.00,79.00,63.00,79.00,60.75,69.25,13.00,81.00,78.75,76.25,78.00,76.75,87.75,79.00,80.25,78.00,32.00,41.00,77.50,66.25,76.00,63.75,44.00,16.00,56.00,69.75
Totel Depth,9.719,9.375,9.688,9.563,9.594,8.750,9.125,9.875,7.875,9.875,7.594,8.656,1.625,10.125,9.844,9.531,9.750,9.594,10.969,9.875,10.031,9.750,4.000,5.125,9.688,8.281,9.500,7.969,5.500,2.000,7.000,8.719
Neural Depth,2.969,2.125,2.188,2.188,2.219,2.125,2.125,2.250,0.250,2.250,1.469,1.906,#VALUE!,1.875,2.094,1.906,1.750,2.094,1.969,2.500,2.156,1.750,#VALUE!,#VALUE!,2.313,0.656,#VALUE!,1.844,#VALUE!,#VALUE!,#VALUE!,#VALUE!
Depth to cortex,6.750,7.250,7.500,7.375,7.375,6.625,7.000,7.625,7.625,7.625,6.125,6.750,na,8.250,7.750,7.625,8.000,7.500,9.000,7.375,7.875,8.000,na,na,7.375,7.625,na,6.125,na,na,na,na
Ini depth to cortex,4.625,5.000,5.125,5.875,5.875,4.625,na,5.625,6.125,na,4.125,5.500,na,5.875,6.000,6.000,4.750,5.125,6.500,5.875,6.125,5.125,na,na,5.625,5.875,na,5.125,na,na,na,na
range,50,50,50,50,40,80,90,80,15,50,40,50,160,40,60,40,180,90,50,90,50,160,40,110,120,25,220,50,25,180,180,40
spikes,0,0,1,1,1,0,0,0,-2,1,2,2,-2,0,1,2,0,0,2,0,2,0,-2,-2,0,0,-1,1,-2,-1,-1,2
Note, , ,, ,white matter?, , , , , ,,, , ,,, , ,deep neuron?,, , , , , ,white matter, , , , , , 
contact problem,2,, ,2,2,3,3,3, ,1,,2,, , ,,3,3,1,3,,3,,,3,2,,3,,,,1
sort1,,,1,1,1,,,,,1,,,,,1,1,,,,,,,,,,,,1,,,,
sort2,,,,,,,,,,,2,2,,,,,,,2,,2,,,,,,,,,,,
sort3,,,,,,,,,,,,,,,,,,,,,,,,,,,,,,,,
,,,,,,,,,,,,,,,,,,,,,,,,,,,,,,,,
,,,,,,,,,,,,,,,,,,,,,,,,,,,,,,,,
,,,,,,,,,,,,,,,,,,,,,,,,,,,,,,,,
,,,,,,,,,,,,,,,,,,,,,,,,,,,,,,,,
2/14/2017,,"GM32 not so good, U16 is OK, in lower sectio of IT, old location",,,,,,,,,,,,,,,,,,,,,,,,,,,,,,
Rotations,0.25,1.00,0.25,0.50,0.50,0.75,0.00,1.00,0.00,0.50,0.00,0.00,0.00,1.00,0.50,0.50,0.00,0.00,0.00,0.00,0.00,0.00,0.00,0.00,0.00,0.00,0.00,0.75,0.00,0.00,0.00,1.00
Turns before,76.75,73.00,77.25,75.75,75.50,68.25,73.00,77.00,63.00,78.00,60.75,69.25,13.00,78.00,77.75,75.50,78.00,76.75,85.75,78.00,79.75,78.00,32.00,41.00,76.50,66.25,76.00,62.25,44.00,16.00,56.00,68.25
Total Turn,77.00,74.00,77.50,76.25,76.00,69.00,73.00,78.00,63.00,78.50,60.75,69.25,13.00,79.00,78.25,76.00,78.00,76.75,85.75,78.00,79.75,78.00,32.00,41.00,76.50,66.25,76.00,63.00,44.00,16.00,56.00,69.25
Totel Depth,9.625,9.250,9.688,9.531,9.500,8.625,9.125,9.750,7.875,9.813,7.594,8.656,1.625,9.875,9.781,9.500,9.750,9.594,10.719,9.750,9.969,9.750,4.000,5.125,9.563,8.281,9.500,7.875,5.500,2.000,7.000,8.656
Neural Depth,2.875,2.000,2.188,2.156,2.125,2.000,2.125,2.125,0.250,2.188,1.469,1.906,#VALUE!,1.625,2.031,1.875,1.750,2.094,1.719,2.375,2.094,1.750,#VALUE!,#VALUE!,2.188,0.656,#VALUE!,1.750,#VALUE!,#VALUE!,#VALUE!,#VALUE!
Depth to cortex,6.750,7.250,7.500,7.375,7.375,6.625,7.000,7.625,7.625,7.625,6.125,6.750,na,8.250,7.750,7.625,8.000,7.500,9.000,7.375,7.875,8.000,na,na,7.375,7.625,na,6.125,na,na,na,na
Ini depth to cortex,4.625,5.000,5.125,5.875,5.875,4.625,na,5.625,6.125,na,4.125,5.500,na,5.875,6.000,6.000,4.750,5.125,6.500,5.875,6.125,5.125,na,na,5.625,5.875,na,5.125,na,na,na,na
range,80,50,50,50,40,80,90,80,15,50,40,50,160,40,60,40,180,90,50,90,50,160,40,110,120,25,220,50,25,180,180,40
spikes,0,0,1,1,0,0,0,0,-2,1,3,2,-2,0,0,2,0,0,0,0,2,0,-2,-2,0,0,-1,2,-2,-1,-1,2
Note, , ,, , , , , , , ,,, , ,,, , ,,, , , , , , , , , , , , 
contact problem,3,, ,2,2,2,3,3, ,1,,2,, , ,,3,3,1,3,,3,,,3,2,,3,,,,1
sort1,,,1,1,,,,,,1,,1,,,,,,,,,1,,,,,,,1,,,,
sort2,,,,,,,,,,,,,,,,2,,,,,,,,,,,,,,,,2
sort3,,,,,,,,,,,1,,,,,,,,,,,,,,,,,,,,,
U16,33,34,35,36,37,38,39,40,41,42,43,44,45,46,47,48,,,,,,,,,,,,,,,,
spikes,0,0,0,1,3,3,2,1,2,1,1,0,0,0,0,0,,,,,,,,,,,,,,,,
note,the probe is likely in the lower section of IT,,,,,,,,looks like white matter?,,,,,,,,,,,,,,,,,,,,,,,
sort1,,,,1,1,1,1,1,1,1,,,,,,,,,,,,,,,,,,,,,,
sort2,,,,,2,,,, ,,2,,,,,,,,,,,,,,,,,,,,,
sort3,,,,,3,3,,,3,,,,,,,,,,,,,,,,,,,,,,,
type,0,0,0,1,3,3,1,1,3,1,2,0,0,0,0,0,,,,,,,,,,,,,,,,
,,,,,,,,,,,,,,,,,,,,,,,,,,,,,,,,
,,,,,,,,,,,,,,,,,,,,,,,,,,,,,,,,
,,,,,,,,,,,,,,,,,,,,,,,,,,,,,,,,
2/7/2017,,Adjust GM32,,,,,,,,,,,,,,,,,,,,,,,,,,,,,,
Rotations,1.00,1.00,1.00,0.00,0.00,0.25,1.00,1.00,0.00,0.00,0.00,0.75,0.00,0.00,0.00,0.00,2.00,2.00,1.00,1.00,0.25,1.00,0.00,0.00,5.00,0.00,0.00,0.00,0.00,0.00,0.00,0.75
Turns before,75.75,72.00,76.25,75.75,75.50,68.00,72.00,76.00,63.00,78.00,60.75,68.50,13.00,78.00,77.75,75.50,76.00,74.75,84.75,77.00,79.50,77.00,32.00,41.00,71.50,66.25,76.00,62.25,44.00,16.00,56.00,67.50
Total Turn,76.75,73.00,77.25,75.75,75.50,68.25,73.00,77.00,63.00,78.00,60.75,69.25,13.00,78.00,77.75,75.50,78.00,76.75,85.75,78.00,79.75,78.00,32.00,41.00,76.50,66.25,76.00,62.25,44.00,16.00,56.00,68.25
Totel Depth,9.594,9.125,9.656,9.469,9.438,8.531,9.125,9.625,7.875,9.750,7.594,8.656,1.625,9.750,9.719,9.438,9.750,9.594,10.719,9.750,9.969,9.750,4.000,5.125,9.563,8.281,9.500,7.781,5.500,2.000,7.000,8.531
Neural Depth,2.844,1.875,2.156,2.094,2.063,1.906,2.125,2.000,0.250,2.125,1.469,1.906,#VALUE!,1.500,1.969,1.813,1.750,2.094,1.719,2.375,2.094,1.750,#VALUE!,#VALUE!,2.188,0.656,#VALUE!,1.656,#VALUE!,#VALUE!,#VALUE!,#VALUE!
Depth to cortex,6.750,7.250,7.500,7.375,7.375,6.625,7.000,7.625,7.625,7.625,6.125,6.750,na,8.250,7.750,7.625,8.000,7.500,9.000,7.375,7.875,8.000,na,na,7.375,7.625,na,6.125,na,na,na,na
Ini depth to cortex,4.625,5.000,5.125,5.875,5.875,4.625,na,5.625,6.125,na,4.125,5.500,na,5.875,6.000,6.000,4.750,5.125,6.500,5.875,6.125,5.125,na,na,5.625,5.875,na,5.125,na,na,na,na
range,60,50,50,50,40,80,90,80,15,50,40,50,160,40,60,40,180,90,50,90,50,160,40,110,120,25,220,50,25,180,180,40
spikes,0,1,1,2,2,2,0,0,-2,2,2,3,-2,0,3,2,0,0,0,0,2,0,-2,-2,0,0,-1,2,-2,-1,-1,2
Note, , ,, , , , , , , ,,, , ,,, , ,,, , , , , , , , , , , , 
contact problem,2,, ,2,2,2,3,3, ,1,,2,, , ,,3,3,1,3,,3,,,3,2,,3,,,,1
sort1,,1,1,,,,,,,1,1,,,,,1,,,,,1,,,,,,,1,,,,
sort2,,,,2,2,,,,,,,2,,,2,,,,,,,,,,,,,,,,,2
sort3,,,,,,,,,,,,,,,,,,,,,,,,,,,,,,,,
,,,,,,,,,,,,,,,,,,,,,,,,,,,,,,,,
,,,,,,,,,,,,,,,,,,,,,,,,,,,,,,,,
,,,,,,,,,,,,,,,,,,,,,,,,,,,,,,,,
,,,,,,,,,,,,,,,,,,,,,,,,,,,,,,,,
,,,,,,,,,,,,,,,,,,,,,,,,,,,,,,,,
1/17/2017,,"V-probe in lower section of IT, orientation is 5 o'clock; GM32 got decent signals",,,,,,,,,,,,,,,,,,,,,,,,,,,,,,
Rotations,0.00,1.00,0.00,0.25,0.00,0.00,0.00,1.00,0.00,1.00,0.00,0.25,0.00,0.00,0.25,0.00,0.00,0.00,0.00,0.00,0.50,0.00,0.00,0.00,0.00,0.00,0.00,0.00,0.00,0.00,0.00,0.50
Turns before,75.75,71.00,76.25,75.50,75.50,68.00,72.00,75.00,63.00,77.00,60.75,68.25,13.00,78.00,77.50,75.50,76.00,74.75,84.75,77.00,79.00,77.00,32.00,41.00,71.50,66.25,76.00,62.25,44.00,16.00,56.00,67.00
Total Turn,75.75,72.00,76.25,75.75,75.50,68.00,72.00,76.00,63.00,78.00,60.75,68.50,13.00,78.00,77.75,75.50,76.00,74.75,84.75,77.00,79.50,77.00,32.00,41.00,71.50,66.25,76.00,62.25,44.00,16.00,56.00,67.50
Totel Depth,9.469,9.000,9.531,9.469,9.438,8.500,9.000,9.500,7.875,9.750,7.594,8.563,1.625,9.750,9.719,9.438,9.500,9.344,10.594,9.625,9.938,9.625,4.000,5.125,8.938,8.281,9.500,7.781,5.500,2.000,7.000,8.438
Neural Depth,2.719,1.750,2.031,2.094,2.063,1.875,2.000,1.875,0.250,2.125,1.469,1.813,#VALUE!,1.500,1.969,1.813,1.500,1.844,1.594,2.250,2.063,1.625,#VALUE!,#VALUE!,1.563,0.656,#VALUE!,1.656,#VALUE!,#VALUE!,#VALUE!,#VALUE!
Depth to cortex,6.750,7.250,7.500,7.375,7.375,6.625,7.000,7.625,7.625,7.625,6.125,6.750,na,8.250,7.750,7.625,8.000,7.500,9.000,7.375,7.875,8.000,na,na,7.375,7.625,na,6.125,na,na,na,na
Ini depth to cortex,4.625,5.000,5.125,5.875,5.875,4.625,na,5.625,6.125,na,4.125,5.500,na,5.875,6.000,6.000,4.750,5.125,6.500,5.875,6.125,5.125,na,na,5.625,5.875,na,5.125,na,na,na,na
range,60,50,50,50,40,90,90,80,15,50,40,50,160,40,60,40,180,90,50,90,50,160,40,110,120,25,220,50,25,180,180,40
spikes,2,1,1,2,2,0,0,0,-2,1,3,3,-2,0,1,3,0,0,0,0,2,0,-2,-2,0,0,-1,2,-2,-1,-1,2
Note, , ,, , , , , , , ,,, , ,,, , ,,, , , , , , , , , , , , 
contact problem,2,, ,2,2,3,3,3, ,1,,2,, , ,,3,3,1,3,,3,,,3,2,,3,,,,1
sort1,1,1,1,,,,,,,,,,,,1,,,,,,1,,,,,,,,,,,1
sort2,,,,2,2,,,,,,2,2,,,,2,,,,,,,,,,,,2,,,,
sort3,,,,,,,,,,,,,,,,,,,,,,,,,,,,,,,,
U16,33,34,35,36,37,38,39,40,41,42,43,44,45,46,47,48,,,,,,,,,,,,,,,,
spikes,2,2,0,2,2,2,1,1,2,3,0,0,1,2,2,2,,,,,,,,,,,,,,,,
note,the probe is likely in the lower section of IT,,,,,,,,,,,,,,,,,,,,,,,,,,,,,,,
sort1,1,,,1,,,1,1,,,,,,1,1,,,,,,,,,,,,,,,,,
sort2,2,2,,2,2,2,,,2,2,,,,,2,2,,,,,,,,,,,,,,,,
sort3,,,,,,,,,,,,,,,,,,,,,,,,,,,,,,,,
type,2,2,0,2,2,2,1,1,2,2,0,0,0,1,2,2,,,,,,,,,,,,,,,,
,,,,,,,,,,,,,,,,,,,,,,,,,,,,,,,,
,,,,,,,,,,,,,,,,,,,,,,,,,,,,,,,,
,,,,,,,,,,,,,,,,,,,,,,,,,,,,,,,,
1/16/2017,,"Adjust GM32, many good units!",,,,,,,,,,,,,,,,,,,,,,,,,,,,,,
Rotations,5.00,0.00,0.00,0.00,0.00,0.00,4.00,4.00,0.00,3.00,0.50,0.25,0.00,2.00,1.50,0.00,0.00,1.00,3.00,2.00,1.00,0.00,0.00,0.00,0.00,0.00,0.00,0.50,0.00,0.00,0.00,4.00
Turns before,70.75,71.00,76.25,75.50,75.50,68.00,68.00,71.00,63.00,74.00,60.25,68.00,13.00,76.00,76.00,75.50,76.00,73.75,81.75,75.00,78.00,77.00,32.00,41.00,71.50,66.25,76.00,61.75,44.00,16.00,56.00,63.00
Total Turn,75.75,71.00,76.25,75.50,75.50,68.00,72.00,75.00,63.00,77.00,60.75,68.25,13.00,78.00,77.50,75.50,76.00,74.75,84.75,77.00,79.00,77.00,32.00,41.00,71.50,66.25,76.00,62.25,44.00,16.00,56.00,67.00
Totel Depth,9.469,8.875,9.531,9.438,9.438,8.500,9.000,9.375,7.875,9.625,7.594,8.531,1.625,9.750,9.688,9.438,9.500,9.344,10.594,9.625,9.875,9.625,4.000,5.125,8.938,8.281,9.500,7.781,5.500,2.000,7.000,8.375
Neural Depth,2.719,1.625,2.031,2.063,2.063,1.875,2.000,1.750,0.250,2.000,1.469,1.781,#VALUE!,1.500,1.938,1.813,1.500,1.844,1.594,2.250,2.000,1.625,#VALUE!,#VALUE!,1.563,0.656,#VALUE!,1.656,#VALUE!,#VALUE!,#VALUE!,#VALUE!
Depth to cortex,6.750,7.250,7.500,7.375,7.375,6.625,7.000,7.625,7.625,7.625,6.125,6.750,na,8.250,7.750,7.625,8.000,7.500,9.000,7.375,7.875,8.000,na,na,7.375,7.625,na,6.125,na,na,na,na
Ini depth to cortex,4.625,5.000,5.125,5.875,5.875,4.625,na,5.625,6.125,na,4.125,5.500,na,5.875,6.000,6.000,4.750,5.125,6.500,5.875,6.125,5.125,na,na,5.625,5.875,na,5.125,na,na,na,na
range,60,50,50,50,40,90,90,80,15,50,40,50,160,40,60,40,180,90,50,90,50,160,40,110,50,25,220,50,25,180,180,40
spikes,0,2,2,2,2,0,0,0,-2,1,3,2,-2,0,3,3,0,0,0,0,2,0,-2,-2,0,0,-1,2,-2,-1,-1,3
Note, , ,, , , , , , , ,,, , ,,, , ,,, , , , , , , , , , , , 
contact problem,2,, ,2,2,3,3,3, ,1,,2,, , ,,3,3,1,3,,3,,,3,2,,3,,,,1
sort1,,1,1,,,,,,,,,1,,,1,1,,,,,1,,,,,,,,,,,1
sort2,,,,2,2,,,,,,2,,,,,2,,,,,,,,,,,,2,,,,
sort3,,,,,,,,,,,,,,,3,,,,,,,,,,,,,,,,,3
,,,,,,,,,,,,,,,,,,,,,,,,,,,,,,,,
,,,,,,,,,,,,,,,,,,,,,,,,,,,,,,,,
,,,,,,,,,,,,,,,,,,,,,,,,,,,,,,,,
,,,,,,,,,,,,,,,,,,,,,,,,,,,,,,,,
1/13/2017,,"V-probe in lower section of IT, many spikes, GM32 OK",,,,,,,,,,,,,,,,,,,,,,,,,,,,,,
Rotations,0.00,0.00,0.50,0.50,1.00,0.00,0.00,0.00,0.00,1.00,0.50,0.50,0.00,0.00,1.00,0.50,0.00,0.00,0.00,0.25,0.75,0.00,0.00,0.00,2.00,0.00,0.00,0.75,0.00,0.00,0.00,0.00
Turns before,70.75,71.00,75.75,75.00,74.50,68.00,68.00,71.00,63.00,73.00,59.75,67.50,13.00,76.00,75.00,75.00,76.00,73.75,81.75,74.75,77.25,77.00,32.00,41.00,69.50,66.25,76.00,61.00,44.00,16.00,56.00,63.00
Total Turn,70.75,71.00,76.25,75.50,75.50,68.00,68.00,71.00,63.00,74.00,60.25,68.00,13.00,76.00,76.00,75.50,76.00,73.75,81.75,75.00,78.00,77.00,32.00,41.00,71.50,66.25,76.00,61.75,44.00,16.00,56.00,63.00
Totel Depth,8.844,8.875,9.531,9.438,9.438,8.500,8.500,8.875,7.875,9.250,7.531,8.500,1.625,9.500,9.500,9.438,9.500,9.219,10.219,9.375,9.750,9.625,4.000,5.125,8.938,8.281,9.500,7.719,5.500,2.000,7.000,7.875
Neural Depth,2.094,1.625,2.031,2.063,2.063,1.875,1.500,1.250,0.250,1.625,1.406,1.750,#VALUE!,1.250,1.750,1.813,1.500,1.719,1.219,2.000,1.875,1.625,#VALUE!,#VALUE!,1.563,0.656,#VALUE!,1.594,#VALUE!,#VALUE!,#VALUE!,#VALUE!
Depth to cortex,6.750,7.250,7.500,7.375,7.375,6.625,7.000,7.625,7.625,7.625,6.125,6.750,na,8.250,7.750,7.625,8.000,7.500,9.000,7.375,7.875,8.000,na,na,7.375,7.625,na,6.125,na,na,na,na
Ini depth to cortex,4.625,5.000,5.125,5.875,5.875,4.625,na,5.625,6.125,na,4.125,5.500,na,5.875,6.000,6.000,4.750,5.125,6.500,5.875,6.125,5.125,na,na,5.625,5.875,na,5.125,na,na,na,na
range,100,50,50,50,40,90,90,80,15,50,40,50,160,40,60,40,180,90,60,90,50,160,40,110,120,25,220,50,25,180,180,40
spikes,0,2,2,1,2,0,0,0,-2,0,1,1,-2,0,2,3,0,0,0,0,2,0,-2,-2,0,0,-1,1,-2,-1,-1,0
Note, , ,wm?, , , , , , , ,,, , ,,, , ,re-nter cortex,, , , , , , , , , , , , 
contact problem,3,, ,2,2,3,3,3, ,2,2,2,, ,3,,3,3,2,3,,3,,,3,2,,3,,,,1
sort1,,,1,1,1,,,,,,1,1,,,1,1,,,,,1,,,,,,,,,,,
sort2,,"2, bad ISI",2,,,,,,,,,,,,,,,,,,"2, sparse",,,,,,,2,,,,
sort3,,,,,3,,,,,,,,,,,3,,,,,,,,,,,,,,,,
U16,33,34,35,36,37,38,39,40,41,42,43,44,45,46,47,48,,,,,,,,,,,,,,,,
spikes,0,1,0,2,3,2,1,3,3,3,3,3,3,2,1,2,,,,,,,,,,,,,,,,
note,the probe is likely in the lower section of IT,,,,,,,,,,,,FS?,,,,,,,,,,,,,,,,,,,
sort1,,1,,,1,1,,,1,,1,1,1,, ,,,,,,,,,,,,,,,,,
sort2,,2,,2,2,2,2,,,2,,,,2,2,2,,,,,,,,,,,,,,,,
sort3,,,,3,,,,3,3,,3,3,3,,,,,,,,,,,,,,,,,,,
type,0,2,0,3,2,2,2,3,3,2,3,3,3,2,2,2,,,,,,,,,,,,,,,,
,,,,,,,,,,,,,,,,,,,,,,,,,,,,,,,,
,,,,,,,,,,,,,,,,,,,,,,,,,,,,,,,,
,,,,,,,,,,,,,,,,,,,,,,,,,,,,,,,,
1/12/2017,,"Adjust GM32, very promising, some channels might be in white matter; C6~9, C17~19 bad contact",,,,,,,,,,,,,,,,,,,,,,,,,,,,,,
Rotations,1.00,2.00,1.00,1.00,0.50,2.00,2.00,1.00,0.00,1.00,0.00,0.50,-5.00,2.00,2.00,1.00,1.00,1.75,4.75,2.00,4.50,4.00,0.00,0.00,1.00,0.00,0.00,1.75,0.00,0.00,0.00,9.00
Turns before,69.75,69.00,74.75,74.00,74.00,66.00,66.00,70.00,63.00,72.00,59.75,67.00,18.00,74.00,73.00,74.00,75.00,72.00,77.00,72.75,72.75,73.00,32.00,41.00,68.50,66.25,76.00,59.25,44.00,16.00,56.00,54.00
Total Turn,70.75,71.00,75.75,75.00,74.50,68.00,68.00,71.00,63.00,73.00,59.75,67.50,13.00,76.00,75.00,75.00,76.00,73.75,81.75,74.75,77.25,77.00,32.00,41.00,69.50,66.25,76.00,61.00,44.00,16.00,56.00,63.00
Totel Depth,8.844,8.875,9.469,9.375,9.313,8.500,8.500,8.875,7.875,9.125,7.469,8.438,1.625,9.500,9.375,9.375,9.500,9.219,10.219,9.344,9.656,9.625,4.000,5.125,8.688,8.281,9.500,7.625,5.500,2.000,7.000,7.875
Neural Depth,2.094,1.625,1.969,2.000,1.938,1.875,1.500,1.250,0.250,1.500,1.344,1.688,#VALUE!,1.250,1.625,1.750,1.500,1.719,1.219,1.969,1.781,1.625,#VALUE!,#VALUE!,1.313,0.656,#VALUE!,1.500,#VALUE!,#VALUE!,#VALUE!,#VALUE!
Depth to cortex,6.750,7.250,7.500,7.375,7.375,6.625,7.000,7.625,7.625,7.625,6.125,6.750,na,8.250,7.750,7.625,8.000,7.500,9.000,7.375,7.875,8.000,na,na,7.375,7.625,na,6.125,na,na,na,na
Ini depth to cortex,4.625,5.000,5.125,5.875,5.875,4.625,na,5.625,6.125,na,4.125,5.500,na,5.875,6.000,6.000,4.750,5.125,6.500,5.875,6.125,5.125,na,na,5.625,5.875,na,5.125,na,na,na,na
range,60,50,50,50,40,90,90,80,15,50,40,50,160,40,60,40,180,90,60,90,50,160,40,110,40,25,220,50,25,180,180,40
spikes,0,2,2,2,1,0,0,0,-2,2,1,1,-2,0,2,2,0,0,0,1,2,0,-2,-2,1,0,-1,2,-2,-1,-1,0
Note, ,wm?,wm?, , , , , , , ,,, , ,wm?,, , ,re-nter cortex,, , , , , , , , , , , , 
contact problem,2,, ,,2,3,3,3, ,2,2,2,, ,3,,3,3,2,3,,3,,,3,2,,3,,,,1
sort1,,,,1,1,,,,,,1,,,,,1,,,,,,,,,1,,,,,,,
sort2,,"2, bad ISI",2,,,,,,,2,,,,,"2, sparse",,,,,,2,,,,,,,2,,,,
sort3,,,,,,,,,,,,,,,,,,,,,,,,,,,,,,,,
,,,,,,,,,,,,,,,,,,,,,,,,,,,,,,,,
,,,,,,,,,,,,,,,,,,,,,,,,,,,,,,,,
,,,,,,,,,,,,,,,,,,,,,,,,,,,,,,,,
,,,,,,,,,,,,,,,,,,,,,,,,,,,,,,,,
1/10/2017,,"Adjust GM32, not very successful",,,,,,,,,,,,,,,,,,,,,,,,,,,,,,
Rotations,3.00,2.00,1.75,2.00,3.75,4.50,7.00,2.00,0.00,3.00,3.00,4.00,0.00,2.00,6.00,8.25,0.00,4.00,1.00,5.00,2.00,5.00,0.00,0.00,0.00,1.00,0.00,5.25,0.00,0.00,0.00,0.00
Turns before,66.75,67.00,73.00,72.00,70.25,61.50,59.00,68.00,63.00,69.00,56.75,63.00,18.00,72.00,67.00,65.75,75.00,68.00,76.00,67.75,70.75,68.00,32.00,41.00,68.50,65.25,76.00,54.00,44.00,16.00,56.00,54.00
Total Turn,69.75,69.00,74.75,74.00,74.00,66.00,66.00,70.00,63.00,72.00,59.75,67.00,18.00,74.00,73.00,74.00,75.00,72.00,77.00,72.75,72.75,73.00,32.00,41.00,68.50,66.25,76.00,59.25,44.00,16.00,56.00,54.00
Totel Depth,8.719,8.625,9.344,9.250,9.250,8.250,8.250,8.750,7.875,9.000,7.469,8.375,2.250,9.250,9.125,9.250,9.375,9.000,9.625,9.094,9.094,9.125,4.000,5.125,8.563,8.281,9.500,7.406,5.500,2.000,7.000,6.750
Neural Depth,1.969,1.375,1.844,1.875,1.875,1.625,1.250,1.125,0.250,1.375,1.344,1.625,#VALUE!,1.000,1.375,1.625,1.375,1.500,0.625,1.719,1.219,1.125,#VALUE!,#VALUE!,1.188,0.656,#VALUE!,1.281,#VALUE!,#VALUE!,#VALUE!,#VALUE!
Depth to cortex,6.750,7.250,7.500,7.375,7.375,6.625,7.000,7.625,7.625,7.625,6.125,6.750,na,8.250,7.750,7.625,8.000,7.500,9.000,7.375,7.875,8.000,na,na,7.375,7.625,na,6.125,na,na,na,na
Ini depth to cortex,4.625,5.000,5.125,5.875,5.875,4.625,na,5.625,6.125,na,4.125,5.500,na,5.875,6.000,6.000,4.750,5.125,6.500,5.875,6.125,5.125,na,na,5.625,5.875,na,5.125,na,na,na,na
range,70,50,50,50,50,70,90,80,15,50,40,50,15,40,60,40,40,90,50,70,50,160,40,110,40,25,220,60,25,180,180,40
spikes,0,0,1,1,1,0,0, ,-2,0,2,3,-2,0,0,1,0,0,0,2,0,0,-2,-2,0,0,-1,0,-2,-1,-1,0
Note, , , , , , , , , , ,re-enter cortex,re-enter cortex, , ,re-enter cortex,re-enter cortex, , , ,, , , , , , , , , , , , 
contact problem,2,, ,,2,3,3,3, ,2,2,2,,2,3,,2,3,3,3,,3,,,3,2,,3,,,,1
sort1,,, ,1,,,,,,, ,,,,,,,,,1,,,,,,,,,,,,
sort2,,,,,,,,,,,2,,,,,,,,,,,,,,,,,,,,,
sort3,,,,,,,,,,,,2,,,,,,,,,,,,,,,,,,,,
,,,,,,,,,,,,,,,,,,,,,,,,,,,,,,,,
,,,,,,,,,,,,,,,,,,,,,,,,,,,,,,,,
,,,,,,,,,,,,,,,,,,,,,,,,,,,,,,,,
1/6/2017,,"U16 in upper section of IT, very few channels got spikes, conection not stable for some channels, GM32 got several MUAs",,,,,,,,,,,,,,,,,,,,,,,,,,,,,,
Rotations,1.75,1.00,1.00,0.50,1.75,0.75,0.00,0.50,0.00,0.50,0.50,0.50,0.00,0.00,0.00,0.75,0.00,0.00,0.00,1.00,0.75,0.00,0.00,0.00,2.00,0.00,0.00,0.00,0.00,0.00,0.00,0.00
Turns before,65.00,66.00,72.00,71.50,68.50,60.75,59.00,67.50,63.00,68.50,56.25,62.50,18.00,72.00,67.00,65.00,75.00,68.00,76.00,66.75,70.00,68.00,32.00,41.00,66.50,65.25,76.00,54.00,44.00,16.00,56.00,54.00
Total Turn,66.75,67.00,73.00,72.00,70.25,61.50,59.00,68.00,63.00,69.00,56.75,63.00,18.00,72.00,67.00,65.75,75.00,68.00,76.00,67.75,70.75,68.00,32.00,41.00,68.50,65.25,76.00,54.00,44.00,16.00,56.00,54.00
Totel Depth,8.344,8.375,9.125,9.000,8.781,7.688,7.375,8.500,7.875,8.625,7.094,7.875,2.250,9.000,8.375,8.219,9.375,8.500,9.500,8.469,8.844,8.500,4.000,5.125,8.563,8.156,9.500,6.750,5.500,2.000,7.000,6.750
Neural Depth,1.594,1.125,1.625,1.625,1.406,1.063,0.375,0.875,0.250,1.000,0.969,1.125,#VALUE!,0.750,0.625,0.594,1.375,1.000,0.500,1.094,0.969,0.500,#VALUE!,#VALUE!,1.188,0.531,#VALUE!,0.625,#VALUE!,#VALUE!,#VALUE!,#VALUE!
Depth to cortex,6.750,7.250,7.500,7.375,7.375,6.625,7.000,7.625,7.625,7.625,6.125,6.750,na,8.250,7.750,7.625,8.000,7.500,9.000,7.375,7.875,8.000,na,na,7.375,7.625,na,6.125,na,na,na,na
Ini depth to cortex,4.625,5.000,5.125,5.875,5.875,4.625,na,5.625,6.125,na,4.125,5.500,na,5.875,6.000,6.000,4.750,5.125,6.500,5.875,6.125,5.125,na,na,5.625,5.875,na,5.125,na,na,na,na
range,70,60,50,60,50,50,90,40,15,50,60,40,15,60,80,50,200,90,50,50,50,140,40,110,160,35,220,50,25,180,180,40
spikes,1,1,1,0,1,2,0,1,-2,2,1,1,-2,0,0,1,0,0,0,2,1,0,-2,-2,0,2,-1,2,-2,-1,-1,0
Note, , , , , , , , , , , , , , , , , , , ,, , , , , , , ,contact unstable, , , , 
contact problem,3,, ,,2,2,3,1, ,2,2,2,,2,3,,3,3,3,2,,3,,,3,2,,3,,,,1
sort1,,1,1,1,1, ,,,,1,1,,,,,1,,,,,1,,,,,1,,,,,,
sort2,,,,,,2, ,1,,2,,,,,,,,,,2,,,,,,2,,2,,,,
sort3,,,,,,,,,,,,,,,,,,,,,,,,,,,,,,,,
U16,33,34,35,36,37,38,39,40,41,42,43,44,45,46,47,48,,,,,,,,,,,,,,,,
spikes,0,1,0,3,2,2,0,0,0,0,0,0,0,2,2,1,,,,,,,,,,,,,,,,
note,the probe is likely in the uppper section of IT,,,,,,,,,,,, ,,whiter matter,,,,,,,,,,,,,,,,,
sort1,,1,,,,1,,,,,,,1,,1,,,,,,,,,,,,,,,,,
sort2,,2,,,2,2,,,,,,,,,2,,,,,,,,,,,,,,,,,
sort3,,,,3,,,,,,,,,,,,,,,,,,,,,,,,,,,,
type,0,2,0,3,2,2,0,0,0,0,0,0,1,-1,-1,-1,,,,,,,,,,,,,,,,
,,,,,,,,,,,,,,,,,,,,,,,,,,,,,,,,
,,,,,,,,,,,,,,,,,,,,,,,,,,,,,,,,
,,,,,,,,,,,,,,,,,,,,,,,,,,,,,,,,
1/5/2017,,"Adjust GM32, some MUAs",,,,,,,,,,,,,,,,,,,,,,,,,,,,,,
Rotations,3.00,2.00,3.00,1.50,4.75,1.75,0.00,1.00,0.00,1.50,1.00,0.50,0.00,2.00,2.00,1.00,0.00,4.00,2.00,1.50,2.00,1.00,0.00,0.00,1.00,1.25,0.00,0.25,0.00,0.00,0.00,0.00
Turns before,62.00,64.00,69.00,70.00,63.75,59.00,59.00,66.50,63.00,67.00,55.25,62.00,18.00,70.00,65.00,64.00,75.00,64.00,74.00,65.25,68.00,67.00,32.00,41.00,65.50,64.00,76.00,53.75,44.00,16.00,56.00,54.00
Total Turn,65.00,66.00,72.00,71.50,68.50,60.75,59.00,67.50,63.00,68.50,56.25,62.50,18.00,72.00,67.00,65.00,75.00,68.00,76.00,66.75,70.00,68.00,32.00,41.00,66.50,65.25,76.00,54.00,44.00,16.00,56.00,54.00
Totel Depth,8.125,8.250,9.000,8.938,8.563,7.594,7.375,8.438,7.875,8.563,7.031,7.813,2.250,9.000,8.375,8.125,9.375,8.500,9.500,8.344,8.750,8.500,4.000,5.125,8.313,8.156,9.500,6.750,5.500,2.000,7.000,6.750
Neural Depth,1.375,1.000,1.500,1.563,1.188,0.969,0.375,0.813,0.250,0.938,0.906,1.063,#VALUE!,0.750,0.625,0.500,1.375,1.000,0.500,0.969,0.875,0.500,#VALUE!,#VALUE!,0.938,0.531,#VALUE!,0.625,#VALUE!,#VALUE!,#VALUE!,#VALUE!
Depth to cortex,6.750,7.250,7.500,7.375,7.375,6.625,7.000,7.625,7.625,7.625,6.125,6.750,na,8.250,7.750,7.625,8.000,7.500,9.000,7.375,7.875,8.000,na,na,7.375,7.625,na,6.125,na,na,na,na
Ini depth to cortex,4.625,5.000,5.125,5.875,5.875,4.625,na,5.625,6.125,na,4.125,5.500,na,5.875,6.000,6.000,4.750,5.125,6.500,5.875,6.125,5.125,na,na,5.625,5.875,na,5.125,na,na,na,na
range,70,50,40,60,50,50,90,40,15,50,60,40,15,60,80,50,200,90,50,50,50,140,40,110,160,35,220,50,25,180,180,40
spikes,0,2,2,1,0,2,0,2,-2,2,2,2,-2,0,2,1,0,0,0,2,1,0,-2,-2,0,1,-1,2,-2,-1,-1,0
Note, , , , , ,contact unstable, , , , , , , , , , , , , ,, , , , , , , ,contact unstable, , , , 
contact problem,3,, ,,2,2,3,1, ,2,2,2,,2,3,,3,3,3,2,,3,,,3,2,,3,,,,1
sort1,,,1,1,,,,1,,1,1,1,,,1,,,,,1,1,,,,,1,, ,,,,
sort2,,,,,,,,,,2,,,,,,,,,,,,,,,,,,,,,,
sort3,,,,,,,,,,,,,,,,,,,,,,,,,,,,,,,,
,,,,,,,,,,,,,,,,,,,,,,,,,,,,,,,,
,,,,,,,,,,,,,,,,,,,,,,,,,,,,,,,,
,,,,,,,,,,,,,,,,,,,,,,,,,,,,,,,,
,,,,,,,,,,,,,,,,,,,,,,,,,,,,,,,,
1/3/2017,,"GM32 many MUAs, U16 in lower section of IT, many big spikes, but some not very stable",,,,,,,,,,,,,,,,,,,,,,,,,,,,,,
Rotations,1.00,1.00,0.00,1.00,0.00,0.00,0.00,1.00,0.00,1.00,0.00,1.00,0.00,0.00,0.50,0.25,1.00,0.00,0.00,1.50,0.00,0.00,0.00,0.00,0.50,1.00,0.00,0.00,0.00,0.00,0.00,0.00
Turns before,61.00,63.00,69.00,69.00,63.75,59.00,59.00,65.50,63.00,66.00,55.25,61.00,18.00,70.00,64.50,63.75,74.00,64.00,74.00,63.75,68.00,67.00,32.00,41.00,65.00,63.00,76.00,53.75,44.00,16.00,56.00,54.00
Total Turn,62.00,64.00,69.00,70.00,63.75,59.00,59.00,66.50,63.00,67.00,55.25,62.00,18.00,70.00,65.00,64.00,75.00,64.00,74.00,65.25,68.00,67.00,32.00,41.00,65.50,64.00,76.00,53.75,44.00,16.00,56.00,54.00
Totel Depth,7.750,8.000,8.625,8.750,7.969,7.375,7.375,8.313,7.875,8.375,6.906,7.750,2.250,8.750,8.125,8.000,9.375,8.000,9.250,8.156,8.500,8.375,4.000,5.125,8.188,8.000,9.500,6.719,5.500,2.000,7.000,6.750
Neural Depth,1.000,0.750,1.125,1.375,0.594,0.750,0.375,0.688,0.250,0.750,0.781,1.000,#VALUE!,0.500,0.375,0.375,1.375,0.500,0.250,0.781,0.625,0.375,#VALUE!,#VALUE!,0.813,0.375,#VALUE!,0.594,#VALUE!,#VALUE!,#VALUE!,#VALUE!
Depth to cortex,6.750,7.250,7.500,7.375,7.375,6.625,7.000,7.625,7.625,7.625,6.125,6.750,na,8.250,7.750,7.625,8.000,7.500,9.000,7.375,7.875,8.000,na,na,7.375,7.625,na,6.125,na,na,na,na
Ini depth to cortex,4.625,5.000,5.125,5.875,5.875,4.625,na,5.625,6.125,na,4.125,5.500,na,5.875,6.000,6.000,4.750,5.125,6.500,5.875,6.125,5.125,na,na,5.625,5.875,na,5.125,na,na,na,na
range,70,50,40,60,50,50,90,40,15,50,60,40,15,60,80,50,200,70,90,50,50,140,40,110,160,35,220,50,25,180,180,40
spikes,0,1,0,1,0,1,0,1,-2,1,1,2,-2,0,0,2,0,1,0,2,3,0,-2,-2,0,1,-1,2,-2,-1,-1,0
Note, , , , , , , , , , , , , , , , , , , ,, , , , , , , , , , , , 
contact problem,2,, ,,2,1,3,1, ,3,2,2,,2,3,,3,3,3,2,,3,,,3,2,,3,,,,1
sort1,,,,1,,1,,1,, ,1,,,,,1,,,,1,1,,,,,1,,,,,,
sort2,,2,, ,,,,,,,,2,,,,2,,,,,2,,,,,,,2,,,,
sort3,,,,,,,,,,,,,,,,,,,,,,,,,,,,,,,,
U16,33,34,35,36,37,38,39,40,41,42,43,44,45,46,47,48,,,,,,,,,,,,,,,,
spikes,2,2,1,3,3,3,3,2,2,2,3,2,1,3,3,3,,,,,,,,,,,,,,,,
note,the probe is likely in the lower section of IT,emerged,,,,,,,,,,, ,,FS,,,,,,,,,,,,,,,,,
sort1,,1,1,1,1,,,,,,1,,1,1,1,,,,,,,,,,,,,,,,,
sort2,2, ,,"2, two big but unstable units",,2,2,2,2,2,,2,,2,,2,,,,,,,,,,,,,,,,
sort3,,"3, emerged in matchnot",,,"3, decreasing magnitude",,3,,,,3,,, ,3 FS,,,,,,,,,,,,,,,,,
type,2,3,1,2,3,2,3,2,2,2,3,2,1,2,3,2,,,,,,,,,,,,,,,,
,,,,,,,,,,,,,,,,,,,,,,,,,,,,,,,,
,,,,,,,,,,,,,,,,,,,,,,,,,,,,,,,,
,,,,,,,,,,,,,,,,,,,,,,,,,,,,,,,,
1/2/2017,,"Adjust GM32, C1~5 not sure in the white matter or not deep enough",,,,,,,,,,,,,,,,,,,,,,,,,,,,,,
Rotations,4.00,2.00,5.00,7.00,3.00,4.00,1.00,2.50,0.00,2.50,4.00,3.50,0.00,2.00,0.50,0.00,8.00,2.00,0.00,2.75,3.00,1.00,0.00,0.00,2.00,0.00,0.00,2.25,0.00,0.00,0.00,0.00
Turns before,57.00,61.00,64.00,62.00,60.75,55.00,58.00,63.00,63.00,63.50,51.25,57.50,18.00,68.00,64.00,63.75,66.00,62.00,74.00,61.00,65.00,66.00,32.00,41.00,63.00,63.00,76.00,51.50,44.00,16.00,56.00,54.00
Total Turn,61.00,63.00,69.00,69.00,63.75,59.00,59.00,65.50,63.00,66.00,55.25,61.00,18.00,70.00,64.50,63.75,74.00,64.00,74.00,63.75,68.00,67.00,32.00,41.00,65.00,63.00,76.00,53.75,44.00,16.00,56.00,54.00
Totel Depth,7.625,7.875,8.625,8.625,7.969,7.375,7.375,8.188,7.875,8.250,6.906,7.625,2.250,8.750,8.063,7.969,9.250,8.000,9.250,7.969,8.500,8.375,4.000,5.125,8.125,7.875,9.500,6.719,5.500,2.000,7.000,6.750
Neural Depth,0.875,0.625,1.125,1.250,0.594,0.750,0.375,0.563,0.250,0.625,0.781,0.875,#VALUE!,0.500,0.313,0.344,1.250,0.500,0.250,0.594,0.625,0.375,#VALUE!,#VALUE!,0.750,0.250,#VALUE!,0.594,#VALUE!,#VALUE!,#VALUE!,#VALUE!
Depth to cortex,6.750,7.250,7.500,7.375,7.375,6.625,7.000,7.625,7.625,7.625,6.125,6.750,na,8.250,7.750,7.625,8.000,7.500,9.000,7.375,7.875,8.000,na,na,7.375,7.625,na,6.125,na,na,na,na
Ini depth to cortex,4.625,5.000,5.125,5.875,5.875,4.625,na,5.625,6.125,na,4.125,5.500,na,5.875,6.000,6.000,4.750,5.125,6.500,5.875,6.125,5.125,na,na,5.625,5.875,na,5.125,na,na,na,na
range,70,50,40,60,50,50,90,40,15,50,60,40,15,60,80,50,200,70,90,50,50,140,40,110,50,35,220,50,25,180,180,40
spikes,1,2,0,0,0,2,0,1,-2,2,3,2,-2,0,1,2,0,1,0,1,2,0,-2,-2,1,2,-1,2,-2,-1,-1,0
Note, , , , , , , , , ,contact unstable, , , , , , , , , ,, , , , , , , , , , , , 
contact problem,2,, ,,2,1,3,1, ,2,2,2,,2,3,,3,3,3,2,,3,,,2,2,,3,,,,1
sort1,,1,,,,,,1,,1,,1,,,,,,,,1,,,,,1,1,,,,,,
sort2,,,,,,2,, ,,,2,,,,,2,,,, ,,,,,,,,2,,,,
sort3,,,,,,,,,,,,,,,,,,,,,,,,,,,,,,,,
,,,,,,,,,,,,,,,,,,,,,,,,,,,,,,,,
,,,,,,,,,,,,,,,,,,,,,,,,,,,,,,,,
,,,,,,,,,,,,,,,,,,,,,,,,,,,,,,,,
,,,,,,,,,,,,,,,,,,,,,,,,,,,,,,,,
,,,,,,,,,,,,,,,,,,,,,,,,,,,,,,,,
12/28/2016,,"U16 at lower section of IT, big spike across most channes, GM32 many units, similar with 2016-1127",,,,,,,,,,,,,,,,,,,,,,,,,,,,,,
Rotations,1.00,1.00,1.50,1.00,0.75,0.00,0.00,0.00,0.00,0.50,0.00,0.75,0.00,0.00,0.00,0.00,0.00,0.00,0.00,0.00,0.00,0.00,0.00,0.00,2.00,0.00,0.00,0.00,0.00,0.00,0.00,0.00
Turns before,56.00,60.00,62.50,61.00,60.00,55.00,58.00,63.00,63.00,63.00,51.25,56.75,18.00,68.00,64.00,63.75,66.00,62.00,74.00,61.00,65.00,66.00,32.00,41.00,61.00,63.00,76.00,51.50,44.00,16.00,56.00,54.00
Total Turn,57.00,61.00,64.00,62.00,60.75,55.00,58.00,63.00,63.00,63.50,51.25,57.50,18.00,68.00,64.00,63.75,66.00,62.00,74.00,61.00,65.00,66.00,32.00,41.00,63.00,63.00,76.00,51.50,44.00,16.00,56.00,54.00
Totel Depth,7.125,7.625,8.000,7.750,7.594,6.875,7.250,7.875,7.875,7.938,6.406,7.188,2.250,8.500,8.000,7.969,8.250,7.750,9.250,7.625,8.125,8.250,4.000,5.125,7.875,7.875,9.500,6.438,5.500,2.000,7.000,6.750
Neural Depth,0.375,0.375,0.500,0.375,0.219,0.250,0.250,0.250,0.250,0.313,0.281,0.438,#VALUE!,0.250,0.250,0.344,0.250,0.250,0.250,0.250,0.250,0.250,#VALUE!,#VALUE!,0.500,0.250,#VALUE!,0.313,#VALUE!,#VALUE!,#VALUE!,#VALUE!
Depth to cortex,6.750,7.250,7.500,7.375,7.375,6.625,7.000,7.625,7.625,7.625,6.125,6.750,na,8.250,7.750,7.625,8.000,7.500,9.000,7.375,7.875,8.000,na,na,7.375,7.625,na,6.125,na,na,na,na
Ini depth to cortex,4.625,5.000,5.125,5.875,5.875,4.625,na,5.625,6.125,na,4.125,5.500,na,5.875,6.000,6.000,4.750,5.125,6.500,5.875,6.125,5.125,na,na,5.625,5.875,na,5.125,na,na,na,na
range,70,50,40,60,50,50,90,40,15,60,60,50,15,60,70,50,40,90,90,50,50,140,40,110,140,35,220,60,25,180,180,40
spikes,0,2,3,0,1,2,0,2,-2,1,1,3,-2,0,3,3,1,0,0,2,2,0,-2,-2,0,3,-1,2,-2,-1,-1,0
Note, , , , , , , , , ,contact unstable, , , , , , , , , ,, , , , , , , , , , , , 
contact problem,3,,2,,2,2,3,2,1,3,2,2,,2,,,2,3,3,2,,3,,,3,2,,3,,,,1
sort1,,,1,,,1,,,,,1,1,,,,,1,,,1,,,,,,1,,1,,,,
sort2,,"2, sparse",2,,,,,2,,,,2,,,2,2,,,,,2,,,,,2,,2,,,,
sort3,,,3,,,,,,,,,,,,3,,,,,,,,,,,,,,,,,
U16,33,34,35,36,37,38,39,40,41,42,43,44,45,46,47,48,,,,,,,,,,,,,,,,
spikes,0,1,-2,3,3,3,3,3,3,3,3,3,3,3,3,3,,,,,,,,,,,,,,,,
note,the probe is likely in the lower section of IT,,,,,,,,,,,,fades away,,,,,,,,,,,,,,,,,,,
sort1,,1,,1,1,1,,,,,,,,,1,,,,,,,,,,,,,,,,,
sort2,,,,2,,2,2,2,2,2,2,2,2,2,2,2,,,,,,,,,,,,,,,,
sort3,,,, ,3, ,3,3,,,3,,,,,,,,,,,,,,,,,,,,,
type,0,1,0,2,3,2,3,3,2,2,3,2,2,2,2,2,,,,,,,,,,,,,,,,
,,,,,,,,,,,,,,,,,,,,,,,,,,,,,,,,
,,,,,,,,,,,,,,,,,,,,,,,,,,,,,,,,
12/27/2016,,"Adjust GM32, most electrode are out of cortex, drive ~10 turns to get them back in the cortex.  Most electrodes got big spikes",,,,,,,,,,,,,,,,,,,,,,,,,,,,,,
Rotations,10.00,12.00,9.50,7.00,9.00,8.00,12.00,13.00,9.00,6.00,11.25,7.75,0.00,13.00,12.00,12.75,16.00,14.00,15.00,12.00,13.00,14.00,0.00,0.00,10.00,13.00,0.00,5.50,0.00,0.00,0.00,0.00
Turns before,46.00,48.00,53.00,54.00,51.00,47.00,46.00,50.00,54.00,57.00,40.00,49.00,18.00,55.00,52.00,51.00,50.00,48.00,59.00,49.00,52.00,52.00,32.00,41.00,51.00,50.00,76.00,46.00,44.00,16.00,56.00,54.00
Total Turn,56.00,60.00,62.50,61.00,60.00,55.00,58.00,63.00,63.00,63.00,51.25,56.75,18.00,68.00,64.00,63.75,66.00,62.00,74.00,61.00,65.00,66.00,32.00,41.00,61.00,63.00,76.00,51.50,44.00,16.00,56.00,54.00
Totel Depth,7.000,7.500,7.813,7.625,7.500,6.875,7.250,7.875,7.875,7.875,6.406,7.094,2.250,8.500,8.000,7.969,8.250,7.750,9.250,7.625,8.125,8.250,4.000,5.125,7.625,7.875,9.500,6.438,5.500,2.000,7.000,6.750
Neural Depth,0.250,0.250,0.313,0.250,0.125,0.250,0.250,0.250,0.250,0.250,0.281,0.344,#VALUE!,0.250,0.250,0.344,0.250,0.250,0.250,0.250,0.250,0.250,#VALUE!,#VALUE!,0.250,0.250,#VALUE!,0.313,#VALUE!,#VALUE!,#VALUE!,#VALUE!
Depth to cortex,6.750,7.250,7.500,7.375,7.375,6.625,7.000,7.625,7.625,7.625,6.125,6.750,na,8.250,7.750,7.625,8.000,7.500,9.000,7.375,7.875,8.000,na,na,7.375,7.625,na,6.125,na,na,na,na
Ini depth to cortex,4.625,5.000,5.125,5.875,5.875,4.625,na,5.625,6.125,na,4.125,5.500,na,5.875,6.000,6.000,4.750,5.125,6.500,5.875,6.125,5.125,na,na,5.625,5.875,na,5.125,na,na,na,na
range,80,60,40,60,50,50,90,40,15,60,60,50,15,60,50,50,180,90,90,50,50,140,40,110,40,35,220,60,25,180,180,40
spikes,3,3,1,1,1,3,1,3,-2,2,3,2,-2,0,3,3,0,2,0,3,3,0,-2,-2,2,3,-1,3,-2,-1,-1,0
Note,re-enter corwx,re-enter corwx,re-enter cortex,re-enter cortex,re-enter cortex,re-enter cortex,re-enter cortex,re-enter cortex,broken,,re-enter-cortex,re-enter-cortex,,re-enter-cortex,re-enter-cortex,re-enter-cortex,re-enter-cortex,re-enter-cortex,re-enter-cortex,re-enter-cortex,re-enter-cortex,re-enter-cortex,,,re-enter-cortex,re-enter-cortex,,,,,,
contact problem,3,,2,,2,2,3,2,1,2,2,2,,2,,,3,3,3,2,,3,,,3,2,,3,,,,1
sort1,,,1,,1,,,,,1,,,,,,,,,,,1,,,,,,,,,,,
sort2,2,,,,,2,,2,,,2,2,,,2,2,,2,,2,,,,,2, ,,2,,,,
sort3,,3,,,,,,,,,,,,,,,,,,,3,,,,,3,,,,,,
,mixed,,,,,fades away,,,,,,,,,,,,,,,,,,,,,,,,,,
,,,,,,,,,,,,,,,,,,,,,,,,,,,,,,,,
12/22/2016,,"U16 recording in upper IT, adjust GM32, noise following drinking juice. Recording in V4 and IT are not good",,,,,,,,,,,,,,,,,,,,,,,,,,,,,,
Rotations,0,0,0,0,0,0,0,0,0,0,0,0,0,0,0,0,0,0,0,0,0,0,0,0,0,0,0,0,0,0,0,0
Turns before,46,48,53,54,51,47,46,50,54,57,40,49,18,55,52,51,50,48,59,49,52,52,32,41,51,50,76,46,44,16,56,54
Total Turn,46,48,53,54,51,47,46,50,54,57,40,49,18,55,52,51,50,48,59,49,52,52,32,41,51,50,76,46,44,16,56,54
Totel Depth,5.750,6.000,6.625,6.750,6.375,5.875,5.750,6.250,6.750,7.125,5.000,6.125,2.250,6.875,6.500,6.375,6.250,6.000,7.375,6.125,6.500,6.500,4.000,5.125,6.375,6.250,9.500,5.750,5.500,2.000,7.000,6.750
Neural Depth,1.125,1.000,1.500,0.875,0.500,1.250,#VALUE!,0.625,0.625,#VALUE!,0.875,0.625,#VALUE!,1.000,0.500,0.375,1.500,0.875,0.875,0.250,0.375,1.375,#VALUE!,#VALUE!,0.750,0.375,#VALUE!,0.625,#VALUE!,#VALUE!,#VALUE!,#VALUE!
Depth to cortex,4.625,5.000,5.125,5.875,5.875,4.625,na,5.625,6.125,na,4.125,5.500,na,5.875,6.000,6.000,4.750,5.125,6.500,5.875,6.125,5.125,na,na,5.625,5.875,na,5.125,na,na,na,na
range,40,60,70,40,40,50,120,40,40,60,50,70,120,50,50,40,180,70,60,40,50,100,40,110,120,40,220,60,25,180,180,40
spikes,2,2,0,1,1,2,0,1,0,1,0,1,-2,0,1,1,0,0,0,2,0,0,-2,-2,0,1,-1,2,-2,-1,-1,0
Note,,,,should advnce,,contact,contact,,,,,,,,,,bad contact,,,should advnce,,,,,,,,,,,,
contact problem,1,,2,,2,2,3,2,1,2,2,2,,2,,,3,3,,2,,3,,,3,2,,3,,,,1
sort1,1,1,,1,,1,,,,,,,,,,1,,,,1,,,,,,1,,1,,,,
sort2,,,,,,,,,,,,,,,,,,,,2,,,,,,,, ,,,,
sort3,,,,,,,,,,,,,,,,,,,,,,,,,,,,,,,,
U16,33,34,35,36,37,38,39,40,41,42,43,44,45,46,47,48,,,,,,,,,,,,,,,,
spikes,0,0,-1,1,1,1,2,2,3,3,2,2,0,2,0,0,,,,,,,,,,,,,,,,
note,"the probe is likely in the upper section of IT, cells emerges after one hour",,,,,,, ,big unit disappreas,noise,unit not stable,,,w,w,w,,,,,,,,,,,,,,,,
sort1,,,,1,1,1,,1,1,,,,1,1,1,1,,,,,,,,,,,,,,,,
sort2,,,,,,,2,2,,2,2,2,,,,,,,,,,,,,,,,,,,,
sort3,,,,3,,,,,,,,,,,,,,,,,,,,,,,,,,,,
type,0,0,0,3,1,1,2,2,1,2,2,2,1,-1,-1,-1,,,,,,,,,,,,,,,,
,,,,,,,,,,,,,,,,,,,,,,,,,,,,,,,,
,,,,,,,,,,,,,,,,,,,,,,,,,,,,,,,,
,,,,,,,,,,,,,,,,,,,,,,,,,,,,,,,,
,,,,,,,,,,,,,,,,,,,,,,,,,,,,,,,,
,,,,,,,,,,,,,,,,,,,,,,,,,,,,,,,,
12/21/2016,,"Adjust GM32, Chan 1~6 get MUA, should advance furhter, Chan 17~19 lost cells",,,,,,,,,,,,,,,,,,,,,,,,,,,,,,
Rotations,1,0,2,2,1,0,0,1,0,0,1,1,0,0,1,0,5,1,3,2,2,0,0,0,1,1,0,1,0,0,0,0
Turns before,45,48,51,52,50,47,46,49,54,57,39,48,18,55,51,51,45,47,56,47,50,52,32,41,50,49,76,45,44,16,56,54
Total Turn,46,48,53,54,51,47,46,50,54,57,40,49,18,55,52,51,50,48,59,49,52,52,32,41,51,50,76,46,44,16,56,54
Totel Depth,5.750,6.000,6.625,6.750,6.375,5.875,5.750,6.250,6.750,7.125,5.000,6.125,2.250,6.875,6.500,6.375,6.250,6.000,7.375,6.125,6.500,6.500,4.000,5.125,6.375,6.250,9.500,5.750,5.500,2.000,7.000,6.750
Neural Depth,1.125,1.000,1.500,0.875,0.500,1.250,#VALUE!,0.625,0.625,#VALUE!,0.875,0.625,#VALUE!,1.000,0.500,0.375,1.500,0.875,0.875,0.250,0.375,1.375,#VALUE!,#VALUE!,0.750,0.375,#VALUE!,0.625,#VALUE!,#VALUE!,#VALUE!,#VALUE!
Depth to cortex,4.625,5.000,5.125,5.875,5.875,4.625,na,5.625,6.125,na,4.125,5.500,na,5.875,6.000,6.000,4.750,5.125,6.500,5.875,6.125,5.125,na,na,5.625,5.875,na,5.125,na,na,na,na
range,40,60,70,40,40,50,120,40,40,60,50,70,120,50,50,40,180,70,60,40,50,100,40,110,50,40,220,60,25,180,180,40
spikes,1,1,0,2,1,1,0,1,0,1,0,0,-2,0,1,2,0,0,0,2,1,0,-2,-2,1,1,-1,2,-2,-1,-1,0
Note,should advnce,,,should advnce,,contact,contact,,,,,,,,,,bad contact,,,should advnce,,,,,unstable contact,,,,,,,
contact problem,1,,2,,2,2,3,2,1,2,2,2,,2,,,3,3,,2,,3,,,3,2,,3,,,,1
sort1,1,1,,1,,1,,1,,,,,,,,1,,,,1,,,,,,1,,,,,,
sort2,,,,,,,,,,,,,,,,,,,,2,,,,,,,,2,,,,
sort3,,,,,,,,,,,,,,,,,,,,,,,,,,,,,,,,
,,,,,,,,,,,,,,,,,,,,,,,,,,,,,,,,
,,,,,,,,,,,,,,,,,,,,,,,,,,,,,,,,
,,,,,,,,,,,,,,,,,,,,,,,,,,,,,,,,
12/15/2016,,"Adjust GM32, advanced most GM32 electrode and get good units.  This is possibly because of dura grows thicker and pushed the cotex down",,,,,,,,,,,,,,,,,,,,,,,,,,,,,,
Rotations,0,1,1,1,1,2,5,2,0,0,0,0,0,0,0,0,2,0,0,0,0,0,0,0,0,0,0,0,0,0,0,0
Turns before,45,47,50,51,49,45,41,47,54,57,39,48,18,55,51,51,43,47,56,47,50,52,32,41,50,49,76,45,44,16,56,54
Total Turn,45,48,51,52,50,47,46,49,54,57,39,48,18,55,51,51,45,47,56,47,50,52,32,41,50,49,76,45,44,16,56,54
Totel Depth,5.625,6.000,6.375,6.500,6.250,5.875,5.750,6.125,6.750,7.125,4.875,6.000,2.250,6.875,6.375,6.375,5.625,5.875,7.000,5.875,6.250,6.500,4.000,5.125,6.250,6.125,9.500,5.625,5.500,2.000,7.000,6.750
Neural Depth,1.000,1.000,1.250,0.625,0.375,1.250,#VALUE!,0.500,0.625,#VALUE!,0.750,0.500,#VALUE!,1.000,0.375,0.375,0.875,0.750,0.500,0.000,0.125,1.375,#VALUE!,#VALUE!,0.625,0.250,#VALUE!,0.500,#VALUE!,#VALUE!,#VALUE!,#VALUE!
Depth to cortex,4.625,5.000,5.125,5.875,5.875,4.625,na,5.625,6.125,na,4.125,5.500,na,5.875,6.000,6.000,4.750,5.125,6.500,5.875,6.125,5.125,na,na,5.625,5.875,na,5.125,na,na,na,na
range,40,60,60,40,40,70,120,40,40,60,50,70,120,50,50,40,50,70,60,40,50,100,40,110,160,40,220,45,25,180,180,40
spikes,1,1,0,0,1,0,0,1,1,1,1,1,-2,0,1,2,3,2,3,1,1,0,-2,-2,1,2,-1,1,-2,-1,-1,0
Note,not stable,,,,,contact,contact,,,,,,,,,,unstable,,,unstable in the end,,,,,unstable contact,,,unstable,,,,
contact problem,1,,3,,2,3,3,2,1,2,2,2,,2,,,3,2,,2,,3,,,3,2,,,,,,2
sort1,1, ,,,1,,,1, ,,,1,,,1,1,,1,,,,,,,,1,,,,,,
sort2,,,,,,,,,,,,,,,,,2,,2,2,,,,,,,,,,,,
sort3,,,,,,,,,,,,,,,,,,,,,,,,,,,,,,,,
U16,33,34,35,36,37,38,39,40,41,42,43,44,45,46,47,48,,,,,,,,,,,,,,,,
spikes,0,0,0,0,0,0,0,0,0,0,0,0,0,0,0,0,,,,,,,,,,,,,,,,
note,"the probe is likely in the upper section of IT. ERP is visual, but very small; no spikes.  Examine probe tip after recording, found deposit covering contacts",,,,,,, ,,,,,,,,,,,,,,,,,,,,,,,,
sort1,,,,,,,,,,,,,,,,,,,,,,,,,,,,,,,,
sort2,,,,,,,,,,,,,,,,,,,,,,,,,,,,,,,,
sort3,,,,,,,,,,,,,,,,,,,,,,,,,,,,,,,,
type,0,0,0,0,0,0,0,0,0,0,0,0,0,0,0,0,,,,,,,,,,,,,,,,
,,,,,,,,,,,,,,,,,,,,,,,,,,,,,,,,
,,,,,,,,,,,,,,,,,,,,,,,,,,,,,,,,
12/14/2016,,"Adjust GM32, advanced most GM32 electrode and get good units.  This is possibly because of dura grows thicker and pushed the cotex down",,,,,,,,,,,,,,,,,,,,,,,,,,,,,,
Rotations,2,2,0,2,1,2,-5,1,3,3,3,2,0,4,1,0,3,4,8,1,0,4,0,0,1,0,0,1,0,0,0,0
Turns before,43,45,50,49,48,43,46,46,51,54,36,46,18,51,50,51,40,43,48,46,50,48,32,41,49,49,76,44,44,16,56,54
Total Turn,45,47,50,51,49,45,41,47,54,57,39,48,18,55,51,51,43,47,56,47,50,52,32,41,50,49,76,45,44,16,56,54
Totel Depth,5.625,5.875,6.250,6.375,6.125,5.625,5.125,5.875,6.750,7.125,4.875,6.000,2.250,6.875,6.375,6.375,5.375,5.875,7.000,5.875,6.250,6.500,4.000,5.125,6.250,6.125,9.500,5.625,5.500,2.000,7.000,6.750
Neural Depth,1.000,0.875,1.125,0.500,0.250,1.000,#VALUE!,0.250,0.625,#VALUE!,0.750,0.500,#VALUE!,1.000,0.375,0.375,0.625,0.750,0.500,0.000,0.125,1.375,#VALUE!,#VALUE!,0.625,0.250,#VALUE!,0.500,#VALUE!,#VALUE!,#VALUE!,#VALUE!
Depth to cortex,4.625,5.000,5.125,5.875,5.875,4.625,na,5.625,6.125,na,4.125,5.500,na,5.875,6.000,6.000,4.750,5.125,6.500,5.875,6.125,5.125,na,na,5.625,5.875,na,5.125,na,na,na,na
range,40,60,80,40,40,70,120,40,40,60,50,40,120,50,50,40,50,60,60,40,50,120,40,110,40,40,220,45,25,180,180,40
spikes,1,1,0,0,1,0,0,1,3,1,3,2,-2,0,2,2,3,2,3,1,1,0,-2,-2,1,2,-1,1,-2,-1,-1,0
Note,not stable,,,,,contact,contact,,,,re-enter dura after four truns,,,,,,,,,unstable in the end,,,,,unstable contact,,,unstable contact,,,,
contact problem,1,,3,,2,3,3,2,1,3,2,2,,2,,,2,2,,2,,3,,,3,2,,,,,,2
sort1,1,1,,,1,,,1,1,,1, ,,,1,1,1,1,1,1,1,,,, , ,,1,,,,
sort2,,,,,,,,,,,2,2,,,,,,,2,, ,,,,,2,,,,,,
sort3,,,,,,,,,3,,,,,,,,3,,,,,,,,,,,,,,,
,,,,,,,,,,,,,,,,,,,,,,,,,,,,,,,,
,,,,,,,,,,,,,,,,,,,,,,,,,,,,,,,,
,,,,,,,,,,,,,,,,,,,,,,,,,,,,,,,,
12/9/2016,,Adjust GM32,,,,,,,,,,,,,,,,,,,,,,,,,,,,,,
Rotations,1,0,0,1,0,1,1,0,0,0,1,0,0,1,0,0,0,2,2,0,0,1,0,0,0,0,0,0,0,0,0,1
Turns before,42,45,50,48,48,42,45,46,51,54,35,46,18,50,50,51,40,41,46,46,50,47,32,41,49,49,76,44,44,16,56,53
Total Turn,43,45,50,49,48,43,46,46,51,54,36,46,18,51,50,51,40,43,48,46,50,48,32,41,49,49,76,44,44,16,56,54
Totel Depth,5.375,5.625,6.250,6.125,6.000,5.375,5.750,5.750,6.375,6.750,4.500,5.750,2.250,6.375,6.250,6.375,5.000,5.375,6.000,5.750,6.250,6.000,4.000,5.125,6.125,6.125,9.500,5.500,5.500,2.000,7.000,6.750
Neural Depth,0.750,0.625,1.125,0.250,0.125,0.750,#VALUE!,0.125,0.250,#VALUE!,0.375,0.250,#VALUE!,0.500,0.250,0.375,0.250,0.250,-0.500,-0.125,0.125,0.875,#VALUE!,#VALUE!,0.500,0.250,#VALUE!,0.375,#VALUE!,#VALUE!,#VALUE!,#VALUE!
Depth to cortex,4.625,5.000,5.125,5.875,5.875,4.625,na,5.625,6.125,na,4.125,5.500,na,5.875,6.000,6.000,4.750,5.125,6.500,5.875,6.125,5.125,na,na,5.625,5.875,na,5.125,na,na,na,na
range,40,60,80,40,40,70,140,40,40,60,50,40,120,50,50,40,200,80,60,40,50,120,40,110,40,40,220,45,25,180,180,40
spikes,1,1,0,0,1,0,0,1,0,0,0,1,-2,0,1,2,0,0,0,2,2,0,-2,-2,0,2,-1,1,-2,-1,-1,0
Note,not stable,,,,,contact,contact,,,,contact contact,,,,,,,,,unstable in the end,,,,,,,,,,,,
contact problem,1,,3,,2,3,3,2,2,3,2,2,,2,,,3,3,,3,,3,,,3,2,,,,,,
sort1, ,,,,1,,,1,,,, ,,,,1,,,,1,1,,,, ,1,,1,,,,
sort2,,,,,,,,,,,,,,,,,,,,, ,,,,, ,,,,,,
sort3,,,,,,,,,,,,,,,,,,,,,,,,,,,,,,,,
,,,,,,,,,,,,,,,,,,,,,,,,,,,,,,,,
,,,,,,,,,,,,,,,,,,,,,,,,,,,,,,,,
,,,,,,,,,,,,,,,,,,,,,,,,,,,,,,,,
12/6/2016,,Adjust GM32,,,,,,,,,,,,,,,,,,,,,,,,,,,,,,
Rotations,3,3,1,1,2,2,2,0,2,1,1,1,0,2,2,1,1,1,2,0,1,0,0,0,0,1,0,1,0,0,0,0
Turns before,39,42,49,47,46,40,43,46,49,53,34,45,18,48,48,50,39,40,44,46,49,47,32,41,49,48,76,43,44,16,56,53
Total Turn,42,45,50,48,48,42,45,46,51,54,35,46,18,50,50,51,40,41,46,46,50,47,32,41,49,49,76,44,44,16,56,53
Totel Depth,5.250,5.625,6.250,6.000,6.000,5.250,5.625,5.750,6.375,6.750,4.375,5.750,2.250,6.250,6.250,6.375,5.000,5.125,5.750,5.750,6.250,5.875,4.000,5.125,6.125,6.125,9.500,5.500,5.500,2.000,7.000,6.625
Neural Depth,0.625,0.625,1.125,0.125,0.125,0.625,#VALUE!,0.125,0.250,#VALUE!,0.250,0.250,#VALUE!,0.375,0.250,0.375,0.250,0.000,-0.750,-0.125,0.125,0.750,#VALUE!,#VALUE!,0.500,0.250,#VALUE!,0.375,#VALUE!,#VALUE!,#VALUE!,#VALUE!
Depth to cortex,4.625,5.000,5.125,5.875,5.875,4.625,na,5.625,6.125,na,4.125,5.500,na,5.875,6.000,6.000,4.750,5.125,6.500,5.875,6.125,5.125,na,na,5.625,5.875,na,5.125,na,na,na,na
range,50,60,70,40,40,70,70,40,40,60,70,40,120,50,50,40,50,100,80,40,50,120,120,110,40,40,220,45,25,180,180,140
spikes,0,0,0,0,1,0,0,2,0,0,1,2,-2,0,0,0,0,0,0,2,2,0,-2,-2,1,2,-1,1,-2,-1,-1,0
Note,not stable,,,,,contact,contact,,,,contact contact,,,,,,,,,unstable in the end,,,,,,,,,,,,
contact problem,1,,3,,2,3,3,2,2,3,3,3,,2,,,3,2,,3,,3,,,3,2,,,,,,
sort1, ,,,,1,,,1,,,,1,,,,1,,,,,,,,,1,,,,,,,
sort2,,,,,,,,,,,,,,,,,,,,,2,,,,,2,,,,,,
sort3,,,,,,,,,,,,,,,,,,,,,,,,,,,,,,,,
U16,33,34,35,36,37,38,39,40,41,42,43,44,45,46,47,48,,,,,,,,,,,,,,,,
spikes,2,2,0,3,3,3,3,3,3,3,3,3,3,3,3,3,,,,,,,,,,,,,,,,
note,the probe is likely in the lower section of IT,,,,,,, ,,,,,,,,,,,,,,,,,,,,,,,,
sort1,,,1,1,,1,1,,,,1,,1,,1,,,,,,,,,,,,,,,,,
sort2,2,2,,2,2,2,2,2,2,2,2,,,2,2,2,,,,,,,,,,,,,,,,
sort3,,,,,,,,,,,,3,3,,,3,,,,,,,,,,,,,,,,
type,2,2,1,2,2,2,2,2,2,2,2,3,3,2,2,3,,,,,,,,,,,,,,,,
,,,,,,,,,,,,,,,,,,,,,,,,,,,,,,,,
,,,,,,,,,,,,,,,,,,,,,,,,,,,,,,,,
12/2/2016,,Adjust GM32,,,,,,,,,,,,,,,,,,,,,,,,,,,,,,
Rotations,0,0,0,0,0,0,0,0,0,0,0,0,0,0,0,0,0,0,0,0,0,0,0,0,0,0,0,0,0,0,0,0
Turns before,39,42,49,47,46,40,43,46,49,53,34,45,18,48,48,50,39,40,44,46,49,47,32,41,49,48,76,43,44,16,56,53
Total Turn,39,42,49,47,46,40,43,46,49,53,34,45,18,48,48,50,39,40,44,46,49,47,32,41,49,48,76,43,44,16,56,53
Totel Depth,4.875,5.250,6.125,5.875,5.750,5.000,5.375,5.750,6.125,6.625,4.250,5.625,2.250,6.000,6.000,6.250,4.875,5.000,5.500,5.750,6.125,5.875,4.000,5.125,6.125,6.000,9.500,5.375,5.500,2.000,7.000,6.625
Neural Depth,0.250,0.250,1.000,0.000,-0.125,0.375,#VALUE!,0.125,0.000,#VALUE!,0.125,0.125,#VALUE!,0.125,0.000,0.250,0.125,-0.125,-1.000,-0.125,0.000,0.750,#VALUE!,#VALUE!,0.500,0.125,#VALUE!,0.250,#VALUE!,#VALUE!,#VALUE!,#VALUE!
Depth to cortex,4.625,5.000,5.125,5.875,5.875,4.625,na,5.625,6.125,na,4.125,5.500,na,5.875,6.000,6.000,4.750,5.125,6.500,5.875,6.125,5.125,na,na,5.625,5.875,na,5.125,na,na,na,na
range,50,50,60,40,40,70,70,40,40,60,70,40,120,150,90,100,160,100,90,40,50,120,120,110,40,40,220,45,25,180,180,140
spikes,1,1,0,3,2,0,0,3,2,1,1,2,-2,0,0,0,0,1,0,2,3,0,-2,-2,3,0,-1,2,-2,-1,-1,0
Note,not stable,,,,,,,,,,contact contact,,,,,,,should go deeper,shoud go deeper,unstable contact,,,,,,,,,,,,
contact problem,1,,1,,3,3,3,2,3,2,3,3,,,,,3,2,,3,,3,,,3,2,,,,,,
sort1,1,1,,,1,,,,1,,,1,,,,,,,,1,,,,,1,1,,1,,,,
sort2,,,,2, ,,,2,,,,,,,,,,,,,2,,,,,,, ,,,,
sort3,,,,,,,,,,,,,,,,,,,,,,,,,3,,,,,,,
U16,33,34,35,36,37,38,39,40,41,42,43,44,45,46,47,48,,,,,,,,,,,,,,,,
spikes,0,0,0,3,3,2,3,1,2,1,2,1,1,1,1,1,,,,,,,,,,,,,,,,
note,the probe is likely in the upper part of IT,,,,,,, ,, ,w,w,w,w,w,w,,,,,,,,,,,,,,,,
sort1,,,,,,,1,1,,1,,1,1,1,1,1,,,,,,,,,,,,,,,,
sort2,,,,,2,2,,,2,,2,,,,,,,,,,,,,,,,,,,,,
sort3,,,,3, ,,3,,,,,,,,,,,,,,,,,,,,,,,,,
type,0,0,0,3,2,2,3,1,2,1,-1,-1,-1,-1,-1,-1,,,,,,,,,,,,,,,,
,,,,,,,,,,,,,,,,,,,,,,,,,,,,,,,,
,,,,,,,,,,,,,,,,,,,,,,,,,,,,,,,,
,,,,,,,,,,,,,,,,,,,,,,,,,,,,,,,,
11/25/2016,,Adjust GM32,,,,,,,,,,,,,,,,,,,,,,,,,,,,,,
Rotations,0,0,0,0,0,0,0,0,0,0,0,0,0,0,0,0,0,0,0,0,0,0,0,0,0,0,0,0,0,0,0,0
Turns before,39,42,49,47,46,40,43,46,49,53,34,45,18,48,48,50,39,40,44,46,49,47,32,41,49,48,76,43,44,16,56,53
Total Turn,39,42,49,47,46,40,43,46,49,53,34,45,18,48,48,50,39,40,44,46,49,47,32,41,49,48,76,43,44,16,56,53
Totel Depth,4.875,5.250,6.125,5.875,5.750,5.000,5.375,5.750,6.125,6.625,4.250,5.625,2.250,6.000,6.000,6.250,4.875,5.000,5.500,5.750,6.125,5.875,4.000,5.125,6.125,6.000,9.500,5.375,5.500,2.000,7.000,6.625
Neural Depth,0.250,0.250,1.000,0.000,-0.125,0.375,#VALUE!,0.125,0.000,#VALUE!,0.125,0.125,#VALUE!,0.125,0.000,0.250,0.125,-0.125,-1.000,-0.125,0.000,0.750,#VALUE!,#VALUE!,0.500,0.125,#VALUE!,0.250,#VALUE!,#VALUE!,#VALUE!,#VALUE!
Depth to cortex,4.625,5.000,5.125,5.875,5.875,4.625,na,5.625,6.125,na,4.125,5.500,na,5.875,6.000,6.000,4.750,5.125,6.500,5.875,6.125,5.125,na,na,5.625,5.875,na,5.125,na,na,na,na
range,50,60,60,40,40,70,70,40,40,60,70,40,120,150,70,40,40,60,50,40,50,120,120,110,120,40,220,45,25,180,180,140
spikes,1,1,0,2,3,0,0,3,3,1,1,2,-2,0,1,0,3,1,0,2,3,1,-2,-2,0,0,-1,2,-2,-1,-1,0
Note,not stable at beginning,,,,,,,,,,contact contact,,,,,,,should go deeper,shoud go deeper,unstable contact,,,,,,,,,,,,
contact problem,1,,1,,3,3,3,2,3,2,3,3,,,,,3,2,,3,,3,,,3,2,,,,,,
sort1,1,1,,,,,,1,1,1,1,,,,1,,,1,,,1,,,,,,,,,,,
sort2,,, ,2,2,,,2,,,,2,,,,,2,,,2, ,,,,,,,2,,,,
sort3,,,,,,,,,3,,,,,,,,3,,,,3,,,,,,,,,,,
U16,33,34,35,36,37,38,39,40,41,42,43,44,45,46,47,48,,,,,,,,,,,,,,,,
spikes,0,2,0,3,3,3,1,3,1,1,1,0,0,0,2,2,,,,,,,,,,,,,,,,
note,the probe is likely in the upper part of IT,,,,,,,FS,,poor ISI,,,,,white matter,white matter,,,,,,,,,,,,,,,,
sort1,,1,,1,,,1,1,,1,,,,1,1,1,,,,,,,,,,,,,,,,
sort2,,2,,2,2,2,,,2,2,2,,, ,2,,,,,,,,,,,,,,,,,
sort3,,,,3,,,,3,,,,,,,,,,,,,,,,,,,,,,,,
type,0,2,0,3,2,2,1,3,2,2,2,0,0,1,-1,-1,,,,,,,,,,,,,,,,
,,,,,,,,,,,,,,,,,,,,,,,,,,,,,,,,
,,,,,,,,,,,,,,,,,,,,,,,,,,,,,,,,
,,,,,,,,,,,,,,,,,,,,,,,,,,,,,,,,
,,,,,,,,,,,,,,,,,,,,,,,,,,,,,,,,
11/21/2016,,Adjust GM32,,,,,,,,,,,,,,,,,,,,,,,,,,,,,,
Rotations,0,0,0,0,0,0,0,0,0,0,0,0,0,0,0,0,0,0,0,0,0,0,0,0,0,0,0,0,0,0,0,0
Turns before,39,42,49,47,46,40,43,46,49,53,34,45,18,48,48,50,39,40,44,46,49,47,32,41,49,48,76,43,44,16,56,53
Total Turn,39,42,49,47,46,40,43,46,49,53,34,45,18,48,48,50,39,40,44,46,49,47,32,41,49,48,76,43,44,16,56,53
Totel Depth,4.875,5.250,6.125,5.875,5.750,5.000,5.375,5.750,6.125,6.625,4.250,5.625,2.250,6.000,6.000,6.250,4.875,5.000,5.500,5.750,6.125,5.875,4.000,5.125,6.125,6.000,9.500,5.375,5.500,2.000,7.000,6.625
Neural Depth,0.250,0.250,1.000,0.000,-0.125,0.375,#VALUE!,0.125,0.000,#VALUE!,0.125,0.125,#VALUE!,0.125,0.000,0.250,0.125,-0.125,-1.000,-0.125,0.000,0.750,#VALUE!,#VALUE!,0.500,0.125,#VALUE!,0.250,#VALUE!,#VALUE!,#VALUE!,#VALUE!
Depth to cortex,4.625,5.000,5.125,5.875,5.875,4.625,na,5.625,6.125,na,4.125,5.500,na,5.875,6.000,6.000,4.750,5.125,6.500,5.875,6.125,5.125,na,na,5.625,5.875,na,5.125,na,na,na,na
range,50,60,60,40,40,70,70,40,150,60,70,40,120,150,70,120,130,60,50,40,50,45,120,110,50,40,220,45,25,180,180,140
spikes,1,1,0,3,2,0,0,3,0,1,0,2,-2,0,1,0,0,1,0,2,2,1,-2,-2,3,0,-1,2,-2,-1,-1,0
Note,,,,,,,,,,,contact contact,,,,,,,should go deeper,shoud go deeper,unstable contact,,,,,,,,,,,,
contact problem,1,,1,,3,3,3,2,3,2,3,3,,,,,3,2,,3,,2,,,3,2,,,,,,
sort1,1,1,,1,1,,,,,,,,,,1,,,,,,,1,,,1,,,,,,,
sort2,,,,,,,,2,,2,,2,,,,,,,,,2,,,,,,,2,,,,
sort3,,,,3,,,,,,,,,,,,,,,,,,,,,3,,,,,,,
U16,33,34,35,36,37,38,39,40,41,42,43,44,45,46,47,48,,,,,,,,,,,,,,,,
spikes,0,2,0,2,1,0,3,0,1,1,3,1,1,2,2,0,,,,,,,,,,,,,,,,
note,the probe is likely in the upper part of IT,,,,,,,,, ,white matter,,"unit 3 WM, not stable",white matter,white matter,,,,,,,,,,,,,,,,,
sort1,,,,,1,,,,1,1,1,1,1,1,,,,,,,,,,,,,,,,,,
sort2,,2,,2,,,2,,,,,,,,2,,,,,,,,,,,,,,,,,
sort3,,,,,,,,,,,,,3,3,,,,,,,,,,,,,,,,,,
type,0,2,0,2,1,0,2,0,1,1,-1,-1,-1,-1,-1,0,,,,,,,,,,,,,,,,
,,,,,,,,,,,,,,,,,,,,,,,,,,,,,,,,
,,,,,,,,,,,,,,,,,,,,,,,,,,,,,,,,
,,,,,,,,,,,,,,,,,,,,,,,,,,,,,,,,
11/18/2016,,Adjust GM32,,,,,,,,,,,,,,,,,,,,,,,,,,,,,,
Rotations,0,0,0,0,0,0,0,0,0,0,0,0,0,0,0,0,0,0,0,0,0,0,0,0,0,0,0,0,0,0,0,0
Turns before,39,42,49,47,46,40,43,46,49,53,34,45,18,48,48,50,39,40,44,46,49,47,32,41,49,48,76,43,44,16,56,53
Total Turn,39,42,49,47,46,40,43,46,49,53,34,45,18,48,48,50,39,40,44,46,49,47,32,41,49,48,76,43,44,16,56,53
Totel Depth,4.875,5.250,6.125,5.875,5.750,5.000,5.375,5.750,6.125,6.625,4.250,5.625,2.250,6.000,6.000,6.250,4.875,5.000,5.500,5.750,6.125,5.875,4.000,5.125,6.125,6.000,9.500,5.375,5.500,2.000,7.000,6.625
Neural Depth,0.250,0.250,1.000,0.000,-0.125,0.375,#VALUE!,0.125,0.000,#VALUE!,0.125,0.125,#VALUE!,0.125,0.000,0.250,0.125,-0.125,-1.000,-0.125,0.000,0.750,#VALUE!,#VALUE!,0.500,0.125,#VALUE!,0.250,#VALUE!,#VALUE!,#VALUE!,#VALUE!
Depth to cortex,4.625,5.000,5.125,5.875,5.875,4.625,na,5.625,6.125,na,4.125,5.500,na,5.875,6.000,6.000,4.750,5.125,6.500,5.875,6.125,5.125,na,na,5.625,5.875,na,5.125,na,na,na,na
range,50,60,60,40,150,90,120,40,150,50,150,150,120,150,150,150,40,50,50,40,50,45,120,110,50,40,220,45,25,180,180,140
spikes,1,2,0,3,0,0,0,2,0,2,0,0,-2,0,0,0,3,2,0,1,1,1,-2,-2,-1,1,-1,3,-2,-1,-1,0
Note,,,,,,,,,,,contact contact,,,,,,not stable,should go deeper,shoud go deeper,,,,,,,,,,,,,
contact problem,1,,1,,3,3,3,2,3,2,3,3,,,,,,2,,3,,2,,,3,2,,,,,,
sort1,1,,,,,,,,,1,,,,,,,1,,,1,1,1,,,,1,,1,,,,
sort2,,2,,2,,,,2,, ,,,,,,,,2,,,,,,,,2,,,,,,
sort3,,,,,,,,,,,,,,,,,3,,,,,,,,,,,3,,,,
U16,33,34,35,36,37,38,39,40,41,42,43,44,45,46,47,48,,,,,,,,,,,,,,,,
spikes,0,0,0,1,3,3,3,2,1,3,3,1,1,1,1,1,,,,,,,,,,,,,,,,
note,the probe is likely in the upper part of IT,,,,,,,,,FS,,,,,,,,,,,,,,,,,,,,,,
sort1,,,,1,1,,,,1,1,, ,1,1,,1,,,,,,,,,,,,,,,,
sort2,,,,,2,2,2,2,,,,2,,,,,,,,,,,,,,,,,,,,
sort3,,,,,,3,,2,,3,3,,,,,,,,,,,,,,,,,,,,,
type,0,0,0,1,2,3,2,3,1,3,3,2,1,1,0,1,,,,,,,,,,,,,,,,
,,,,,,,,,,,,,,,,,,,,,,,,,,,,,,,,
,,,,,,,,,,,,,,,,,,,,,,,,,,,,,,,,
11/17/2016,,"Adjust GM32, mirco ajustment",,,,,,,,,,,,,,,,,,,,,,,,,,,,,,
Rotations,1,1,1,0,0,0,1,0,0,0,0,0,0,0,0,0,0,0,0,0,0,0,0,0,1,0,0,0,0,0,0,0
Turns before,38,41,48,47,46,40,42,46,49,53,34,45,18,48,48,50,39,40,44,46,49,47,32,41,48,48,76,43,44,16,56,53
Total Turn,39,42,49,47,46,40,43,46,49,53,34,45,18,48,48,50,39,40,44,46,49,47,32,41,49,48,76,43,44,16,56,53
Totel Depth,4.875,5.250,6.125,5.875,5.750,5.000,5.375,5.750,6.125,6.625,4.250,5.625,2.250,6.000,6.000,6.250,4.875,5.000,5.500,5.750,6.125,5.875,4.000,5.125,6.125,6.000,9.500,5.375,5.500,2.000,7.000,6.625
Neural Depth,0.250,0.250,1.000,0.000,-0.125,0.375,#VALUE!,0.125,0.000,#VALUE!,0.125,0.125,#VALUE!,0.125,0.000,0.250,0.125,-0.125,-1.000,-0.125,0.000,0.750,#VALUE!,#VALUE!,0.500,0.125,#VALUE!,0.250,#VALUE!,#VALUE!,#VALUE!,#VALUE!
Depth to cortex,4.625,5.000,5.125,5.875,5.875,4.625,na,5.625,6.125,na,4.125,5.500,na,5.875,6.000,6.000,4.750,5.125,6.500,5.875,6.125,5.125,na,na,5.625,5.875,na,5.125,na,na,na,na
range,70,60,60,40,45,90,120,55,35,50,50,50,120,40,50,50,40,60,50,90,50,45,120,110,50,40,220,45,25,180,180,140
spikes,3,2,2,3,1,0,0,1,0,3,1,1,-2,0,0,0,3,1,0,1,2,1,-2,-2,-1,1,-1,2,-2,-1,-1,0
Note,lost for a moment,,,,,,,,,,not stable,,,,,,,should go deeper,shoud go deeper,,,,,,,,,,,,,
contact problem,1,,1,,,3,3,,,2,2,1,,,,,,2,,3,,2,,,3,2,,,,,,
sort1,,,,,,,,,,,,,,,,,,,,,,,,,,,,,,,,
sort2,,,,,,,,,,,,,,,,,,,,,,,,,,,,,,,,
sort3,,,,,,,,,,,,,,,,,,,,,,,,,,,,,,,,
,,,,,,,,,,,,,,,,,,,,,,,,,,,,,,,,
,,,,,,,,,,,,,,,,,,,,,,,,,,,,,,,,
,,,,,,,,,,,,,,,,,,,,,,,,,,,,,,,,
10/29/2016,,"Adjust GM32, C18,19,22,26",,,,,,,,,,,,,,,,,,,,,,,,,,,,,,
Rotations,0,-1,0,0,-2,0,0,0,0,0,0,0,0,0,0,0,0,0,0,0,0,0,0,0,0,0,0,0,0,0,0,0
Turns before,38,42,48,47,48,40,42,46,49,53,34,45,18,48,48,50,39,40,44,46,49,47,32,41,48,48,76,43,44,16,56,53
Total Turn,38,41,48,47,46,40,42,46,49,53,34,45,18,48,48,50,39,40,44,46,49,47,32,41,48,48,76,43,44,16,56,53
Totel Depth,4.750,5.125,6.000,5.875,5.750,5.000,5.250,5.750,6.125,6.625,4.250,5.625,2.250,6.000,6.000,6.250,4.875,5.000,5.500,5.750,6.125,5.875,4.000,5.125,6.000,6.000,9.500,5.375,5.500,2.000,7.000,6.625
Neural Depth,0.125,0.125,0.875,0.000,-0.125,0.375,#VALUE!,0.125,0.000,#VALUE!,0.125,0.125,#VALUE!,0.125,0.000,0.250,0.125,-0.125,-1.000,-0.125,0.000,0.750,#VALUE!,#VALUE!,0.375,0.125,#VALUE!,0.250,#VALUE!,#VALUE!,#VALUE!,#VALUE!
Depth to cortex,4.625,5.000,5.125,5.875,5.875,4.625,na,5.625,6.125,na,4.125,5.500,na,5.875,6.000,6.000,4.750,5.125,6.500,5.875,6.125,5.125,na,na,5.625,5.875,na,5.125,na,na,na,na
range,50,50,100,40,45,90,120,55,35,180,50,50,120,40,50,50,40,60,50,90,50,70,120,110,50,40,220,45,25,180,180,140
spikes,2,1,0,2,1,0,0,1,0,0,1,3,-2,0,1,1,2,0,0,0,1,2,-2,-2,1,1,-1,3,-2,-1,-1,0
Note,lost for a moment,,,,,,,,,,not stable,,,,,,,should go deeper,shoud go deeper,,,,,,,,,,,,,
contact problem,,,3,,,3,3,,,3,2,1,,,,,,2,,3,,2,,,,2,,,,,,
sort1, ,1,,,1,,,1,,,,,,,1, ,,,,,1,,,,1,1,,,,,,
sort2,2,,,2,,,,,,,,,,,,,2,,,,,,,,,,,,,,,
sort3,,,,,,,,,,,,3,,,,,,,,,,,,,,,,3,,,,
U16,33,34,35,36,37,38,39,40,41,42,43,44,45,46,47,48,,,,,,,,,,,,,,,,
spikes,0,0,0,3,3,3,1,2,3,2,3,2,3,3,3,3,,,,,,,,,,,,,,,,
note,,,,,,,,,,,,,,,,FS and RS,,,,,,,,,,,,,,,,
sort1,1,1,1,,1,,1,,1,,,1,1,1,,1,,,,,,,,,,,,,,,,
sort2,,2,,2,2,2,, ,,2,2,,, ,,"3, FS",,,,,,,,,,,,,,,,
sort3,,,,,,,,3,3,,,,3,3,3,3,,,,,,,,,,,,,,,,
type,0,2,1,2,2,2,1,3,3,2,2,1,3,3,3,3,,,,,,,,,,,,,,,,
,,,,,,,,,,,,,,,,,,,,,,,,,,,,,,,,
,,,,,,,,,,,,,,,,,,,,,,,,,,,,,,,,
10/28/2016,,"Adjust GM32, C18,19,22,26",,,,,,,,,,,,,,,,,,,,,,,,,,,,,,
Rotations,0,0,0,0,0,0,0,0,0,0,0,0,0,0,0,0,0,-5,-3,0,0,1,0,0,0,1,0,0,0,0,0,0
Turns before,38,42,48,47,48,40,42,46,49,53,34,45,18,48,48,50,39,45,47,46,49,46,32,41,48,47,76,43,44,16,56,53
Total Turn,38,42,48,47,48,40,42,46,49,53,34,45,18,48,48,50,39,40,44,46,49,47,32,41,48,48,76,43,44,16,56,53
Totel Depth,4.750,5.250,6.000,5.875,6.000,5.000,5.250,5.750,6.125,6.625,4.250,5.625,2.250,6.000,6.000,6.250,4.875,5.000,5.500,5.750,6.125,5.875,4.000,5.125,6.000,6.000,9.500,5.375,5.500,2.000,7.000,6.625
Neural Depth,0.125,0.250,0.875,0.000,0.125,0.375,#VALUE!,0.125,0.000,#VALUE!,0.125,0.125,#VALUE!,0.125,0.000,0.250,0.125,-0.125,-1.000,-0.125,0.000,0.750,#VALUE!,#VALUE!,0.375,0.125,#VALUE!,0.250,#VALUE!,#VALUE!,#VALUE!,#VALUE!
Depth to cortex,4.625,5.000,5.125,5.875,5.875,4.625,na,5.625,6.125,na,4.125,5.500,na,5.875,6.000,6.000,4.750,5.125,6.500,5.875,6.125,5.125,na,na,5.625,5.875,na,5.125,na,na,na,na
range,50,50,100,40,45,90,120,55,35,180,50,50,120,40,50,50,40,50,50,90,50,60,120,110,50,40,220,45,25,180,180,140
spikes,2,1,0,2,1,0,0,1,0,0,1,3,-2,0,1,1,3,0,0,0,1,3,-2,-2,1,3,-1,3,-2,-1,-1,0
Note,,,,,,,,,,,not stable,,,,,,,should go deeper,shoud go deeper,,,,,,,,,,,,,
contact problem,,,3,,,3,3,,,3,2,1,,,,,,2,,3,,2,,,,2,,,,,,
sort1,,1,,,1,,,1,,,,,,,1,1,,,,,1, ,,,1,1,,,,,,
sort2,2, ,,2,,,,,,,,2,,,,,2,,,, ,2,,,,2, ,3,,,,
sort3,,,,,,,,,,,,,,,,,,,,,,,,,,,,,,,,
,,,,,,,,,,,,,,,,,,,,,,,,,,,,,,,,
,,,,,,,,,,,,,,,,,,,,,,,,,,,,,,,,
,,,,,,,,,,,,,,,,,,,,,,,,,,,,,,,,
,,,,,,,,,,,,,,,,,,,,,,,,,,,,,,,,
10/26/2016,,"Did not move GM32, drive IT U-probe to 14200 um",,,,,,,,,,,,,,,,,,,,,,,,,,,,,,
Rotations,0,0,0,0,0,0,0,0,0,0,0,0,0,0,0,0,0,0,0,0,0,0,0,0,0,0,0,0,0,0,0,0
Turns before,38,42,48,47,48,40,42,46,49,53,34,45,18,48,48,50,39,45,47,46,49,46,32,41,48,47,76,43,44,16,56,53
Total Turn,38,42,48,47,48,40,42,46,49,53,34,45,18,48,48,50,39,45,47,46,49,46,32,41,48,47,76,43,44,16,56,53
Totel Depth,4.750,5.250,6.000,5.875,6.000,5.000,5.250,5.750,6.125,6.625,4.250,5.625,2.250,6.000,6.000,6.250,4.875,5.625,5.875,5.750,6.125,5.750,4.000,5.125,6.000,5.875,9.500,5.375,5.500,2.000,7.000,6.625
Neural Depth,0.125,0.250,0.875,0.000,0.125,0.375,#VALUE!,0.125,0.000,#VALUE!,0.125,0.125,#VALUE!,0.125,0.000,0.250,0.125,0.500,-0.625,-0.125,0.000,0.625,#VALUE!,#VALUE!,0.375,0.000,#VALUE!,0.250,#VALUE!,#VALUE!,#VALUE!,#VALUE!
Depth to cortex,4.625,5.000,5.125,5.875,5.875,4.625,na,5.625,6.125,na,4.125,5.500,na,5.875,6.000,6.000,4.750,5.125,6.500,5.875,6.125,5.125,na,na,5.625,5.875,na,5.125,na,na,na,na
range,50,50,100,40,45,90,120,55,35,180,50,50,120,40,50,50,40,100,50,90,50,70,120,110,50,60,220,45,25,180,180,140
spikes,2,1,0,2,1,0,0,2,0,0,3,1,-2,0,1,1,3,0,0,0,1,0,-2,-2,1,0,-1,2,-2,-1,-1,0
Note,,,,,,,,,,,,,,,,,,poor contact,,,,,,,,,,,,,,
contact problem,1,,2,,,2,2,,1,2,1,1,,,,1,,2,,2,,1,,,,,,,,,,
sort1, ,1,,,1,,,1,,,1,1,,,1,1,,,,,1,,,,1,,,,,,,
sort2,2,,,2,,,,,,,3,,,,,,2,,,, ,,,,,,,2,,,,
sort3,,,,,,,,,,,,,,,,,3,,,,,,,,,,,,,,,
U16,33,34,35,36,37,38,39,40,41,42,43,44,45,46,47,48,,,,,,,,,,,,,,,,
spikes,0,0,0,1,0,0,0,1,3,3,3,3,0,0,2,2,,,,,,,,,,,,,,,,
note,,,,,,,,,,,,,,,white matter?,white matter?,,,,,,,,,,,,,,,,
sort1, , ,,1,1,,,1,,,1,1,1,1,1,1,,,,,,,,,,,,,,,,
sort2, ,,,,,,,,"2, not stable",2,"2, not stable",,,"2, wm. not stable",,,,,,,,,,,,,,,,,,
sort3,,,,,,,,,,"3, not stable",,,,,,,,,,,,,,,,,,,,,,
type,0,0,0,1,1,0,0,1,2,3,2,1,1,-1,-1,-1,,,,,,,,,,,,,,,,
,,,,,,,,,,,,,,,,,,,,,,,,,,,,,,,,
,,,,,,,,,,,,,,,,,,,,,,,,,,,,,,,,
10/23/2016,,"Did not move GM32, drive IT U-probe to 14200 um",,,,,,,,,,,,,,,,,,,,,,,,,,,,,,
Rotations,0,0,0,0,0,0,0,0,0,0,0,0,0,0,0,0,0,0,0,0,0,0,0,0,0,0,0,0,0,0,0,0
Turns before,38,42,48,47,48,40,42,46,49,53,34,45,18,48,48,50,39,45,47,46,49,46,32,41,48,47,76,43,44,16,56,53
Total Turn,38,42,48,47,48,40,42,46,49,53,34,45,18,48,48,50,39,45,47,46,49,46,32,41,48,47,76,43,44,16,56,53
Totel Depth,4.750,5.250,6.000,5.875,6.000,5.000,5.250,5.750,6.125,6.625,4.250,5.625,2.250,6.000,6.000,6.250,4.875,5.625,5.875,5.750,6.125,5.750,4.000,5.125,6.000,5.875,9.500,5.375,5.500,2.000,7.000,6.625
Neural Depth,0.125,0.250,0.875,0.000,0.125,0.375,#VALUE!,0.125,0.000,#VALUE!,0.125,0.125,#VALUE!,0.125,0.000,0.250,0.125,0.500,-0.625,-0.125,0.000,0.625,#VALUE!,#VALUE!,0.375,0.000,#VALUE!,0.250,#VALUE!,#VALUE!,#VALUE!,#VALUE!
Depth to cortex,4.625,5.000,5.125,5.875,5.875,4.625,na,5.625,6.125,na,4.125,5.500,na,5.875,6.000,6.000,4.750,5.125,6.500,5.875,6.125,5.125,na,na,5.625,5.875,na,5.125,na,na,na,na
range,50,50,100,40,45,90,120,55,35,180,50,50,120,40,50,50,40,100,50,90,50,70,120,110,50,60,220,45,25,180,180,140
spikes,3,3,0,3,1,0,0,3,0,0,2,1,-2,0,2,3,3,1,0,0,1,3,-2,-2,1,3,-1,2,-2,-1,-1,0
Note,Unstable contact,,"spks, but noise too large",,,,,,,poor contact,poor contact,,,,,Unstable contact,,,,bad contact,,poor contact,,,poor contact,,,,,,,poor contact
contact problem,1,,2,,,2,2,,,2,1,,,,,1,,2,,2,,1,,,,,,,,,,
sort1,, , ,,1,,,1,,,1,1,,,1,,,,, ,1,,,,1,,, ,,,,
sort2,2,2,,2,,,,3,,,,,,,,2,2,,,,,2,,,,3,,2,,,,
sort3,,,,,,,,,,,,,,,,,,,,,,2,,,,3,,,,,,
U16,33,34,35,36,37,38,39,40,41,42,43,44,45,46,47,48,,,,,,,,,,,,,,,,
spikes,3,3,0,1,-1,0,-1,3,-1,3,-1,0,0,1,-2,0,,,,,,,,,,,,,,,,
note,,,,,juicer noise,,juicer noise,,juicer noise,,juicer noise,,"all channels are not good, it seems that the probe in the white matter: spikes are narrow, week and not stable cross time, did not sort",,,,,,,,,,,,,,,,,,,
sort1, , ,,,,,,,,,,,,,,,,,,,,,,,,,,,,,,
sort2, ,,,,,,,,,,,,,,,,,,,,,,,,,,,,,,,
sort3,,,,,,,,,,,,,,,,,,,,,,,,,,,,,,,,
type,0,0,0,0,0,0,0,0,0,0,0,0,0,0,0,0,,,,,,,,,,,,,,,,
,,,,,,,,,,,,,,,,,,,,,,,,,,,,,,,,
,,,,,,,,,,,,,,,,,,,,,,,,,,,,,,,,
,,,,,,,,,,,,,,,,,,,,,,,,,,,,,,,,
10/22/2016,,Adjusted seral channels,,,,,,,,,,,,,,,,,,,,,,,,,,,,,,
Rotations,0,0,4,0,0,0,0,0,-7,0,0,0,0,-3,0,0,0,0,-6,-3,0,4,0,0,2,0,0,0,0,0,0,-3
Turns before,38,42,44,47,48,40,42,46,56,53,34,45,18,51,48,50,39,45,53,49,49,42,32,41,46,47,76,43,44,16,56,56
Total Turn,38,42,48,47,48,40,42,46,49,53,34,45,18,48,48,50,39,45,47,46,49,46,32,41,48,47,76,43,44,16,56,53
Totel Depth,4.750,5.250,6.000,5.875,6.000,5.000,5.250,5.750,6.125,6.625,4.250,5.625,2.250,6.000,6.000,6.250,4.875,5.625,5.875,5.750,6.125,5.750,4.000,5.125,6.000,5.875,9.500,5.375,5.500,2.000,7.000,6.625
Neural Depth,0.125,0.250,0.875,0.000,0.125,0.375,#VALUE!,0.125,0.000,#VALUE!,0.125,0.125,#VALUE!,0.125,0.000,0.250,0.125,0.500,-0.625,-0.125,0.000,0.625,#VALUE!,#VALUE!,0.375,0.000,#VALUE!,0.250,#VALUE!,#VALUE!,#VALUE!,#VALUE!
Depth to cortex,4.625,5.000,5.125,5.875,5.875,4.625,na,5.625,6.125,na,4.125,5.500,na,5.875,6.000,6.000,4.750,5.125,6.500,5.875,6.125,5.125,na,na,5.625,5.875,na,5.125,na,na,na,na
range,50,50,100,40,45,90,120,55,35,180,50,50,120,40,50,40,40,50,50,90,50,70,120,110,50,60,220,45,25,180,180,140
spikes,2,1,1,1,3,0,0,2,0,0,1,1,-2,0,3,1,3,1,0,0,3,3,-2,-2,2,3,-1,1,-2,-1,-1,0
Note,Unstable contact,,"spks, but noise too large",,,,,,,poor contact,poor contact,,,,,Unstable contact,,,,bad contact,,poor contact,,,poor contact,,,,,,,poor contact
Not finished yet,,,,,,,,,,,,,,,,,,,,,,,,,,,,,,,,
sort1, ,1,"1, bad ISI",1,1,,,1,,,1,1,,,1,,,1,,,1, ,,,1,,,1,,,,
sort2,2,,,,,,,,,,,,,,"3, FS","2, sparse",2,,,,2,2,,,,3,, ,,,,
sort3,,,,,,,,,,,,,,,,,,,,,,2,,,,3,,,,,,
,,,,,,,,,,,,,,,,,,,,,,,,,,,,,,,,
,,,,,,,,,,,,,,,,,,,,,,,,,,,,,,,,
,,,,,,,,,,,,,,,,,,,,,,,,,,,,,,,,
10/15/2016,,"Use U-probe, did not drive GM32",,,,,,,,,,,,,,,,,,,,,,,,,,,,,,
Rotations,0,0,0,0,0,0,0,0,0,0,0,0,0,0,0,0,0,0,0,0,0,0,0,0,0,0,0,0,0,0,0,0
Turns before,38,42,44,47,48,40,42,46,56,53,34,45,18,51,48,50,39,45,53,49,49,42,32,41,46,47,76,43,44,16,56,56
Total Turn,38,42,44,47,48,40,42,46,56,53,34,45,18,51,48,50,39,45,53,49,49,42,32,41,46,47,76,43,44,16,56,56
Totel Depth,4.750,5.250,5.500,5.875,6.000,5.000,5.250,5.750,7.000,6.625,4.250,5.625,2.250,6.375,6.000,6.250,4.875,5.625,6.625,6.125,6.125,5.250,4.000,5.125,5.750,5.875,9.500,5.375,5.500,2.000,7.000,7.000
Neural Depth,0.125,0.250,0.375,0.000,0.125,0.375,#VALUE!,0.125,0.875,#VALUE!,0.125,0.125,#VALUE!,0.500,0.000,0.250,0.125,0.500,0.125,0.250,0.000,0.125,#VALUE!,#VALUE!,0.125,0.000,#VALUE!,0.250,#VALUE!,#VALUE!,#VALUE!,#VALUE!
Depth to cortex,4.625,5.000,5.125,5.875,5.875,4.625,na,5.625,6.125,na,4.125,5.500,na,5.875,6.000,6.000,4.750,5.125,6.500,5.875,6.125,5.125,na,na,5.625,5.875,na,5.125,na,na,na,na
range,50,50,80,40,45,60,120,55,50,180,50,50,120,40,50,40,40,50,50,120,50,130,120,110,50,60,220,45,180,180,180,75
spikes,3,3,0,0,1,1,1,1,0,1,2,3,-2,0,3,1,0,1,0,0,2,0,-2,-2,1,3,-1,3,-1,-1,-1,0
Note,Unstable contact,,poor contact,,,,,,,poor contact,,,,,,Unstable contact,,,,bad contact,,,,,,,,,,,,
Not finished yet,,,,,,,,,,,,,,,,,,,,,,,,,,,,,,,,
sort1,1,,,,1,"1, bad ISI",,1,1,,1,1,,,1,1,,1,,,1,,,,1,,,1,,,,
sort2,3,2,,,,,,,,,2,3,,,2,,,3,,,,,,,,2,,2,,,,
sort3,,,,,,,,,,,,,,,3,,,,,,,,,,,,,,,,,
U16,33,34,35,36,37,38,39,40,41,42,43,44,45,46,47,48,,,,,,,,,,,,,,,,
spikes,0,0,1,2,0,1,2,3,3,3,2,2,3,3,-2,3,,,,,,,,,,,,,,,,
note,,,,,,,,,,,,,,,,,,,,,,,,,,,,,,,,
sort1,,,1,1,,,1,1, , ,,,1,,,1,,,,,,,,,,,,,,,,
sort2,,,,,,,2,3,3,3,2,2,2,2,,3,,,,,,,,,,,,,,,,
sort3,,,,,,,,,,,,,,,,,,,,,,,,,,,,,,,,
type,0,0,1,1,0,1,2,3,3,3,2,2,2,2,-2,3,,,,,,,,,,,,,,,,
,,,,,,,,,,,,,,,,,,,,,,,,,,,,,,,,
,,,,,,,,,,,,,,,,,,,,,,,,,,,,,,,,
10/14/2016,,Drive,,,,,,,,,,,,,,,,,,,,,,,,,,,,,,
Rotations,0,0,2,0,0,0,0,1,5,0,0,0,0,2,0,0,0,4,0,2,0,1,0,0,0,0,0,0,0,0,0,0
Turns before,38,42,42,47,48,40,42,45,51,53,34,45,18,49,48,50,39,41,53,47,49,41,32,41,46,47,76,43,44,16,56,56
Total Turn,38,42,44,47,48,40,42,46,56,53,34,45,18,51,48,50,39,45,53,49,49,42,32,41,46,47,76,43,44,16,56,56
Totel Depth,4.750,5.250,5.500,5.875,6.000,5.000,5.250,5.750,7.000,6.625,4.250,5.625,2.250,6.375,6.000,6.250,4.875,5.625,6.625,6.125,6.125,5.250,4.000,5.125,5.750,5.875,9.500,5.375,5.500,2.000,7.000,7.000
Neural Depth,0.125,0.250,0.375,0.000,0.125,0.375,#VALUE!,0.125,0.875,#VALUE!,0.125,0.125,#VALUE!,0.500,0.000,0.250,0.125,0.500,0.125,0.250,0.000,0.125,#VALUE!,#VALUE!,0.125,0.000,#VALUE!,0.250,#VALUE!,#VALUE!,#VALUE!,#VALUE!
Depth to cortex,4.625,5.000,5.125,5.875,5.875,4.625,na,5.625,6.125,na,4.125,5.500,na,5.875,6.000,6.000,4.750,5.125,6.500,5.875,6.125,5.125,na,na,5.625,5.875,na,5.125,na,na,na,na
range,50,50,80,40,45,70,120,55,50,180,50,50,120,40,50,40,40,50,50,90,50,130,120,110,50,60,220,45,180,180,180,75
spikes,3,1,0,0,2,3,1,1,0,-1,1,3,-2,0,3,1,1,3,0,3,2,0,-2,-2,1,3,-1,2,-1,-1,-1,0
Note,Unstable contact,,poor contact,,,,unstable,,,poor contact,,,,,,Unstable contact,,,,,,,,,,,,,,,,
sort1,,1,,,1, ,,1,,,"1, good",,,,,"1, large","1, large",,,,,,,,"1, large",,,,,,,
sort2,2,,,, ,2,,,,,,2,,,3,,,2,,3,2,,,,,3,,2,,,,
sort3,,,,,,,,,,,,3,,,,,,,,,,,,,,,,,,,,
,,,,,,,,,,,,,,,,,,,,,,,,,,,,,,,,
,,,,,,,,,,,,,,,,,,,,,,,,,,,,,,,,
10/12/2016,,"Drive 8,12,17,19,21, adjust 2,6,16",,,,,,,,,,,,,,,,,,,,,,,,,,,,,,
Rotations,0,1,0,0,0,3,0,45,0,0,0,45,0,0,0,1,39,0,53,0,49,0,0,0,0,0,0,0,0,0,0,0
Turns before,38,41,42,47,48,37,42,0,51,53,34,0,18,49,48,49,0,41,0,47,0,41,32,41,46,47,76,43,44,16,56,56
Total Turn,38,42,42,47,48,40,42,45,51,53,34,45,18,49,48,50,39,41,53,47,49,41,32,41,46,47,76,43,44,16,56,56
Totel Depth,4.750,5.250,5.250,5.875,6.000,5.000,5.250,5.625,6.375,6.625,4.250,5.625,2.250,6.125,6.000,6.250,4.875,5.125,6.625,5.875,6.125,5.125,4.000,5.125,5.750,5.875,9.500,5.375,5.500,2.000,7.000,7.000
Neural Depth,0.125,0.250,0.125,0.000,0.125,0.375,#VALUE!,0.000,0.250,#VALUE!,0.125,0.125,#VALUE!,0.250,0.000,0.250,0.125,0.000,0.125,0.000,0.000,0.000,#VALUE!,#VALUE!,0.125,0.000,#VALUE!,0.250,#VALUE!,#VALUE!,#VALUE!,#VALUE!
Depth to cortex,4.625,5.000,5.125,5.875,5.875,4.625,na,5.625,6.125,na,4.125,5.500,na,5.875,6.000,6.000,4.750,5.125,6.500,5.875,6.125,5.125,na,na,5.625,5.875,na,5.125,na,na,na,na
range,50,50,50,45,50,50,100,50,50,120,50,50,120,40,50,50,50,50,50,90,60,80,120,110,50,60,220,45,180,180,180,75
spikes,1,0,0,0,2,3,1,3,0,-1,0,3,-2,0,2,3,1,0,1,0,3,0,-2,-2,1,1,-1,2,-1,-1,-1,0
Note,Unstable contact,,,,,,,,,,,,,,,Unstable contact,,,,,,,,,,,,,,,,
Not finished yet,,,,,,,,,,,,,,,,,,,,,,,,,,,,,,,,
sort1,1,1, ,,,1,1,1,,,"1, poor ISI",1,,,1,,,,1, ,,,,,1,1,,1,,,,
sort2,,, ,,2,3,,"3, FS",,,,3,,,,3,,,,,2,,,,,,,,,,,
sort3,,,,,,,,,,,,,,,,,,,,,,,,,,,,,,,,
,,,,,,,,,,,,,,,,,,,,,,,,,,,,,,,,
,,,,,,,,,,,,,,,,,,,,,,,,,,,,,,,,
10/11/2016,,"Drive C3,7,9,20,29,31",,,,,,,,,,,,,,,,,,,,,,,,,,,,,,
Rotations,0,0,42,0,0,0,42,0,51,0,0,0,0,0,0,0,0,0,0,47,0,0,0,0,0,0,0,0,44,0,56,0
Turns before,38,41,0,47,48,37,0,0,0,53,34,0,18,49,48,49,0,41,0,0,0,41,32,41,46,47,76,43,0,16,0,56
Total Turn,38,41,42,47,48,37,42,0,51,53,34,0,18,49,48,49,0,41,0,47,0,41,32,41,46,47,76,43,44,16,56,56
Totel Depth,4.750,5.125,5.250,5.875,6.000,4.625,5.250,0.000,6.375,6.625,4.250,0.000,2.250,6.125,6.000,6.125,0.000,5.125,0.000,5.875,0.000,5.125,4.000,5.125,5.750,5.875,9.500,5.375,5.500,2.000,7.000,7.000
Neural Depth,0.125,0.125,0.125,0.000,0.125,0.000,#VALUE!,0.000,0.250,#VALUE!,0.125,0.000,#VALUE!,0.250,0.000,0.125,0.000,0.000,0.000,0.000,0.000,0.000,#VALUE!,#VALUE!,0.125,0.000,#VALUE!,0.250,#VALUE!,#VALUE!,#VALUE!,#VALUE!
Depth to cortex,4.625,5.000,5.125,5.875,5.875,4.625,na,,6.125,na,4.125,,na,5.875,6.000,6.000,,5.125,,5.875,,5.125,na,na,5.625,5.875,na,5.125,na,na,na,na
range,50,50,50,40,40,80,130,,50,120,50,,30,45,45,45,,45,,110,,70,20,40,50,45,,45,20,55,200,60
spikes,1,0,3,1,2,0,1,,0,-1,2,,-2,1,2,2,,1,,0,,3,-2,-2,1,2,-1,1,-2,-1,-1,0
Note,unstable contact,,,,,,not sure,,,"bad contact, but can be rescued",,,broken at membrane,maybe in sulcus,unstable contact,unstable contact,,,,unstable contact,,,broken electrode,broken at dura,,,no change at all,unstable contact,broken,screw moves vertically,bad contact,not stable contact
sort1,1182,,6393,,1403,680,1631,,,,1030,,,,1193,3011,,760,,,,2611,,,821,1626,,958,,,,
sort2,,,411,,,,,,,,,,,,,,,,,,,,,,,,,,,,,
sort3,,,,,,,,,,,,,,,,,,,,,,,,,,,,,,,,
,,,,,,,,,,,,,,,,,,,,,,,,,,,,,,,,
,,,,,,,,,,,,,,,,,,,,,,,,,,,,,,,,
,,,,,,,,,,,,,,,,,,,,,,,,,,,,,,,,
10/8/2016,,"Drive C2,4,13,15,24,26",,,,,,,,,,,,,,,,,,,,,,,,,,,,,,
Rotations,0,41,0,47,0,0,0,0,0,0,0,0,18,0,48,0,0,0,0,0,0,0,0,41,0,47,0,0,0,0,0,0
Turns before,38,0,0,0,48,37,0,0,0,53,34,0,0,49,0,49,0,41,0,0,0,41,32,0,46,0,76,43,0,16,0,56
Total Turn,38,41,0,47,48,37,0,0,0,53,34,0,18,49,48,49,0,41,0,0,0,41,32,41,46,47,76,43,0,16,0,56
Totel Depth,4.750,5.125,0.000,5.875,6.000,4.625,0.000,0.000,0.000,6.625,4.250,0.000,2.250,6.125,6.000,6.125,0.000,5.125,0.000,0.000,0.000,5.125,4.000,5.125,5.750,5.875,9.500,5.375,0.000,2.000,0.000,7.000
Neural Depth,0.125,0.125,0.000,0.000,0.125,0.000,0.000,0.000,0.000,#VALUE!,0.125,0.000,#VALUE!,0.250,0.000,0.125,0.000,0.000,0.000,0.000,0.000,0.000,#VALUE!,#VALUE!,0.125,0.000,#VALUE!,0.250,0.000,#VALUE!,0.000,#VALUE!
Depth to cortex,4.625,5.000,,5.875,5.875,4.625,,,,na,4.125,,na,5.875,6.000,6.000,,5.125,,,,5.125,na,na,5.625,5.875,na,5.125,,na,,na
range,45,80,,55,50,70,,,,120,50,,30,50,50,50,,50,,,,50,20,40,50,60,,45,,55,,75
spikes,2,2,,1,2,0,,,,-1,2,,-2,0,3,2,,1,,,,3,-2,-2,0,1,-1,1,,-1,,0
Note,unstable contact,,,,,,,,,"bad contact, but can be rescued",,,broken at membrane,maybe in sulcus,unstable contact,,,,,,,,broken electrode,broken at dura,,,no change at all,unstable contact,,screw moves vertically,,not stable contact
,,,,,,,,,,,,,,,,,,,,,,,,,,,,,,,,
,,,,,,,,,,,,,,,,,,,,,,,,,,,,,,,,
10/7/2016,,"Drive C6,10,18,22,30",,,,,,,,,,,,,,,,,,,,,,,,,,,,,,
Rotations,0,0,0,0,0,37,0,0,0,53,0,0,0,0,0,0,0,41,0,0,0,41,0,0,0,0,0,0,0,16,0,0
Turns before,38,0,0,0,48,0,0,0,0,0,34,0,0,49,0,49,0,0,0,0,0,0,32,0,46,0,76,43,0,0,0,56
Total Turn,38,0,0,0,48,37,0,0,0,53,34,0,0,49,0,49,0,41,0,0,0,41,32,0,46,0,76,43,0,16,0,56
Totel Depth,4.75,0,0,0,6,4.625,0,0,0,6.625,4.25,0,0,6.125,0,6.125,0,5.125,0,0,0,5.125,4,0,5.75,0,9.5,5.375,0,2,0,7
Neural Depth,0.125,0,0,0,0.125,0,0,0,0,#VALUE!,0.125,0,0,0.25,0,0.125,0,0,0,0,0,0,#VALUE!,0,0.125,0,#VALUE!,0.25,0,#VALUE!,0,#VALUE!
Depth to dura,4.625,,,,5.875,4.625,,,,na,4.125,,,5.875,,6,,5.125,,,,5.125,na,,5.625,,na,5.125,,na,,na
range,50,,,,50,70,,,,120,50,,,50,,60,,50,,,,60,20,,50,,,50,,,,
spikes,1,,,,2,1,,,,-1,2,,,1,,2,,1,,,,3,-2,,2,,-1,3,,-1,,-1
Note,unstable contact,,,,,,,,,"bad contact, depostit in screw hole",,,,maybe in sulcus,,,,unstable contact,,,,"unstable contact, deposit in screw hole",broken electrode,,,,no change at all,unstable contact,,screw moves vertically,,not stable contact
,,,,,,,,,,,,,,,,,,,,,,,,,,,,,,,,
,,,,,,,,,,,,,,,,,,,,,,,,,,,,,,,,
10/5/2016,,"Drive C5,11,14,16,25,28,32; C32 broken, other in cortex, C24, C25 does not pick up spikes",,,,,,,,,,,,,,,,,,,,,,,,,,,,,,
Rotations,0,0,0,0,48,0,0,0,0,0,34,0,0,49,0,49,0,0,0,0,0,0,0,0,46,0,0,43,0,0,0,56
Turns before,38,0,0,0,0,0,0,0,0,0,0,0,0,0,0,0,0,0,0,0,0,0,32,0,0,0,76,0,0,0,0,0
Total Turn,38,0,0,0,48,0,0,0,0,0,34,0,0,49,0,49,0,0,0,0,0,0,32,0,46,0,76,43,0,0,0,56
Totel Depth,4.75,0,0,0,6,0,0,0,0,0,4.25,0,0,6.125,0,6.125,0,0,0,0,0,0,4,0,5.75,0,9.5,5.375,0,0,0,7
Neural Depth,0.125,0,0,0,0.125,0,0,0,0,0,0.125,0,0,0.25,0,0.125,0,0,0,0,0,0,#VALUE!,0,0.125,0,#VALUE!,0.25,0,0,0,#VALUE!
Depth to dura,4.625,,,,5.875,,,,,,4.125,,,5.875,,6,,,,,,,na,,5.625,,na,5.125,,,,na
neuron,1,,,,2,,,,,,2,,,0,,2,,,,,,,-2,,0,,-1,3,,,,-1
Note,unstable contact,,,,,,,,,,,,,maybe in sulcus,,,,,,,,,broken electrode,,maybe in sulcus,,no change at all,unstable contact,,,,no chagne at all
,,,,,,,,,,,,,,,,,,,,,,,,,,,,,,,,
,,,,,,,,,,,,,,,,,,,,,,,,,,,,,,,,
10/4/2016,,"C27 no response, C23 broken, C1 good spikes",,,,,,,,,,,,,,,,,,,,,,,,,,,,,,
Rotations,38,0,0,0,0,0,0,0,0,0,0,0,0,0,0,0,0,0,0,0,0,0,10,0,0,0,-72,0,0,0,0,0
Turns before,0,0,0,0,0,0,0,0,0,0,0,0,0,0,0,0,0,0,0,0,0,0,32,0,0,0,76,0,0,0,0,0
Total Turn,38,0,0,0,0,0,0,0,0,0,0,0,0,0,0,0,0,0,0,0,0,0,42,0,0,0,4,0,0,0,0,0
Totel Depth,4.75,0,0,0,0,0,0,0,0,0,0,0,0,0,0,0,0,0,0,0,0,0,5.25,0,0,0,0.5,0,0,0,0,0
Neural Depth,0.125,0,0,0,0,0,0,0,0,0,0,0,0,0,0,0,0,0,0,0,0,0,0.25,0,0,0,#VALUE!,0,0,0,0,0
Depth to dura,4.625,,,,,,,,,,,,,,,,,,,,,,5,,,,na,,,,,
neuron,3,,,,,,,,,,,,,,,,,,,,,,,,,,,,,,,
Note,,,,,,,,,,,,,,,,,,,,,,,,,,,no change at all,,,,,
,,,,,,,,,,,,,,,,,,,,,,,,,,,,,,,,
10/3/2016,,"First time lowering electrode.  Worked on C27 and C23, did not get any signla change, might be contact problem",,,,,,,,,,,,,,,,,,,,,,,,,,,,,,
Rotations,0,0,0,0,0,0,0,0,0,0,0,0,0,0,0,0,0,0,0,0,0,0,32,0,0,0,76,0,0,0,0,0
Turns before,0,0,0,0,0,0,0,0,0,0,0,0,0,0,0,0,0,0,0,0,0,0,0,0,0,0,0,0,0,0,0,0
Total Turn,0,0,0,0,0,0,0,0,0,0,0,0,0,0,0,0,0,0,0,0,0,0,32,0,0,0,76,0,0,0,0,0
Totel Depth,0,0,0,0,0,0,0,0,0,0,0,0,0,0,0,0,0,0,0,0,0,0,4,0,0,0,9.5,0,0,0,0,0
Neural Depth,0,0,0,0,0,0,0,0,0,0,0,0,0,0,0,0,0,0,0,0,0,0,4,0,0,0,9.5,0,0,0,0,0
Depth to dura,,,,,,,,,,,,,,,,,,,,,,,,,,,,,,,,
neuron,0,,,,,,,,,,,,,,,,,,,,,,,,,,,,,,,
Note,,,,,,,,,,,,,,,,,,,,,,,,,,,,,,,,